year,month,region,temp_anomaly_c,date
2000,1,Arctic,1.5,2000-01-01
2000,1,Northern_Hemisphere,0.468,2000-01-01
2000,1,Southern_Hemisphere,0.32,2000-01-01
2000,1,Tropics,0.272,2000-01-01
2000,1,North_America,0.644,2000-01-01
2000,1,Europe,0.696,2000-01-01
2000,1,Asia,0.544,2000-01-01
2000,2,Arctic,1.535,2000-02-01
2000,2,Northern_Hemisphere,0.556,2000-02-01
2000,2,Southern_Hemisphere,0.378,2000-02-01
2000,2,Tropics,0.27,2000-02-01
2000,2,North_America,0.649,2000-02-01
2000,2,Europe,0.729,2000-02-01
2000,2,Asia,0.628,2000-02-01
2000,3,Arctic,1.551,2000-03-01
2000,3,Northern_Hemisphere,0.573,2000-03-01
2000,3,Southern_Hemisphere,0.308,2000-03-01
2000,3,Tropics,0.327,2000-03-01
2000,3,North_America,0.616,2000-03-01
2000,3,Europe,0.733,2000-03-01
2000,3,Asia,0.591,2000-03-01
2000,4,Arctic,1.561,2000-04-01
2000,4,Northern_Hemisphere,0.53,2000-04-01
2000,4,Southern_Hemisphere,0.329,2000-04-01
2000,4,Tropics,0.293,2000-04-01
2000,4,North_America,0.619,2000-04-01
2000,4,Europe,0.674,2000-04-01
2000,4,Asia,0.573,2000-04-01
2000,5,Arctic,1.552,2000-05-01
2000,5,Northern_Hemisphere,0.627,2000-05-01
2000,5,Southern_Hemisphere,0.298,2000-05-01
2000,5,Tropics,0.268,2000-05-01
2000,5,North_America,0.665,2000-05-01
2000,5,Europe,0.73,2000-05-01
2000,5,Asia,0.595,2000-05-01
2000,6,Arctic,1.564,2000-06-01
2000,6,Northern_Hemisphere,0.545,2000-06-01
2000,6,Southern_Hemisphere,0.327,2000-06-01
2000,6,Tropics,0.321,2000-06-01
2000,6,North_America,0.687,2000-06-01
2000,6,Europe,0.733,2000-06-01
2000,6,Asia,0.503,2000-06-01
2000,7,Arctic,1.604,2000-07-01
2000,7,Northern_Hemisphere,0.575,2000-07-01
2000,7,Southern_Hemisphere,0.326,2000-07-01
2000,7,Tropics,0.258,2000-07-01
2000,7,North_America,0.62,2000-07-01
2000,7,Europe,0.782,2000-07-01
2000,7,Asia,0.585,2000-07-01
2000,8,Arctic,1.601,2000-08-01
2000,8,Northern_Hemisphere,0.597,2000-08-01
2000,8,Southern_Hemisphere,0.399,2000-08-01
2000,8,Tropics,0.248,2000-08-01
2000,8,North_America,0.665,2000-08-01
2000,8,Europe,0.782,2000-08-01
2000,8,Asia,0.623,2000-08-01
2000,9,Arctic,1.596,2000-09-01
2000,9,Northern_Hemisphere,0.613,2000-09-01
2000,9,Southern_Hemisphere,0.273,2000-09-01
2000,9,Tropics,0.298,2000-09-01
2000,9,North_America,0.737,2000-09-01
2000,9,Europe,0.767,2000-09-01
2000,9,Asia,0.479,2000-09-01
2000,10,Arctic,1.604,2000-10-01
2000,10,Northern_Hemisphere,0.635,2000-10-01
2000,10,Southern_Hemisphere,0.327,2000-10-01
2000,10,Tropics,0.219,2000-10-01
2000,10,North_America,0.661,2000-10-01
2000,10,Europe,0.762,2000-10-01
2000,10,Asia,0.549,2000-10-01
2000,11,Arctic,1.736,2000-11-01
2000,11,Northern_Hemisphere,0.636,2000-11-01
2000,11,Southern_Hemisphere,0.377,2000-11-01
2000,11,Tropics,0.286,2000-11-01
2000,11,North_America,0.648,2000-11-01
2000,11,Europe,0.751,2000-11-01
2000,11,Asia,0.527,2000-11-01
2000,12,Arctic,1.673,2000-12-01
2000,12,Northern_Hemisphere,0.669,2000-12-01
2000,12,Southern_Hemisphere,0.335,2000-12-01
2000,12,Tropics,0.321,2000-12-01
2000,12,North_America,0.697,2000-12-01
2000,12,Europe,0.731,2000-12-01
2000,12,Asia,0.662,2000-12-01
2001,1,Arctic,1.664,2001-01-01
2001,1,Northern_Hemisphere,0.66,2001-01-01
2001,1,Southern_Hemisphere,0.366,2001-01-01
2001,1,Tropics,0.331,2001-01-01
2001,1,North_America,0.711,2001-01-01
2001,1,Europe,0.723,2001-01-01
2001,1,Asia,0.576,2001-01-01
2001,2,Arctic,1.775,2001-02-01
2001,2,Northern_Hemisphere,0.653,2001-02-01
2001,2,Southern_Hemisphere,0.367,2001-02-01
2001,2,Tropics,0.352,2001-02-01
2001,2,North_America,0.72,2001-02-01
2001,2,Europe,0.816,2001-02-01
2001,2,Asia,0.634,2001-02-01
2001,3,Arctic,1.864,2001-03-01
2001,3,Northern_Hemisphere,0.632,2001-03-01
2001,3,Southern_Hemisphere,0.333,2001-03-01
2001,3,Tropics,0.354,2001-03-01
2001,3,North_America,0.712,2001-03-01
2001,3,Europe,0.755,2001-03-01
2001,3,Asia,0.598,2001-03-01
2001,4,Arctic,1.716,2001-04-01
2001,4,Northern_Hemisphere,0.761,2001-04-01
2001,4,Southern_Hemisphere,0.355,2001-04-01
2001,4,Tropics,0.464,2001-04-01
2001,4,North_America,0.737,2001-04-01
2001,4,Europe,0.922,2001-04-01
2001,4,Asia,0.641,2001-04-01
2001,5,Arctic,1.798,2001-05-01
2001,5,Northern_Hemisphere,0.671,2001-05-01
2001,5,Southern_Hemisphere,0.409,2001-05-01
2001,5,Tropics,0.368,2001-05-01
2001,5,North_America,0.763,2001-05-01
2001,5,Europe,0.861,2001-05-01
2001,5,Asia,0.626,2001-05-01
2001,6,Arctic,1.879,2001-06-01
2001,6,Northern_Hemisphere,0.65,2001-06-01
2001,6,Southern_Hemisphere,0.445,2001-06-01
2001,6,Tropics,0.365,2001-06-01
2001,6,North_America,0.795,2001-06-01
2001,6,Europe,0.817,2001-06-01
2001,6,Asia,0.666,2001-06-01
2001,7,Arctic,1.815,2001-07-01
2001,7,Northern_Hemisphere,0.737,2001-07-01
2001,7,Southern_Hemisphere,0.382,2001-07-01
2001,7,Tropics,0.351,2001-07-01
2001,7,North_America,0.686,2001-07-01
2001,7,Europe,0.93,2001-07-01
2001,7,Asia,0.687,2001-07-01
2001,8,Arctic,1.822,2001-08-01
2001,8,Northern_Hemisphere,0.699,2001-08-01
2001,8,Southern_Hemisphere,0.433,2001-08-01
2001,8,Tropics,0.403,2001-08-01
2001,8,North_America,0.788,2001-08-01
2001,8,Europe,0.863,2001-08-01
2001,8,Asia,0.689,2001-08-01
2001,9,Arctic,1.895,2001-09-01
2001,9,Northern_Hemisphere,0.749,2001-09-01
2001,9,Southern_Hemisphere,0.32,2001-09-01
2001,9,Tropics,0.282,2001-09-01
2001,9,North_America,0.816,2001-09-01
2001,9,Europe,0.834,2001-09-01
2001,9,Asia,0.65,2001-09-01
2001,10,Arctic,1.912,2001-10-01
2001,10,Northern_Hemisphere,0.589,2001-10-01
2001,10,Southern_Hemisphere,0.387,2001-10-01
2001,10,Tropics,0.395,2001-10-01
2001,10,North_America,0.737,2001-10-01
2001,10,Europe,0.806,2001-10-01
2001,10,Asia,0.668,2001-10-01
2001,11,Arctic,1.931,2001-11-01
2001,11,Northern_Hemisphere,0.7,2001-11-01
2001,11,Southern_Hemisphere,0.356,2001-11-01
2001,11,Tropics,0.33,2001-11-01
2001,11,North_America,0.812,2001-11-01
2001,11,Europe,0.876,2001-11-01
2001,11,Asia,0.633,2001-11-01
2001,12,Arctic,1.915,2001-12-01
2001,12,Northern_Hemisphere,0.739,2001-12-01
2001,12,Southern_Hemisphere,0.425,2001-12-01
2001,12,Tropics,0.339,2001-12-01
2001,12,North_America,0.852,2001-12-01
2001,12,Europe,0.902,2001-12-01
2001,12,Asia,0.613,2001-12-01
2002,1,Arctic,1.963,2002-01-01
2002,1,Northern_Hemisphere,0.734,2002-01-01
2002,1,Southern_Hemisphere,0.325,2002-01-01
2002,1,Tropics,0.342,2002-01-01
2002,1,North_America,0.834,2002-01-01
2002,1,Europe,0.948,2002-01-01
2002,1,Asia,0.716,2002-01-01
2002,2,Arctic,2.009,2002-02-01
2002,2,Northern_Hemisphere,0.761,2002-02-01
2002,2,Southern_Hemisphere,0.427,2002-02-01
2002,2,Tropics,0.296,2002-02-01
2002,2,North_America,0.765,2002-02-01
2002,2,Europe,0.91,2002-02-01
2002,2,Asia,0.701,2002-02-01
2002,3,Arctic,2.0,2002-03-01
2002,3,Northern_Hemisphere,0.758,2002-03-01
2002,3,Southern_Hemisphere,0.419,2002-03-01
2002,3,Tropics,0.351,2002-03-01
2002,3,North_America,0.872,2002-03-01
2002,3,Europe,0.898,2002-03-01
2002,3,Asia,0.685,2002-03-01
2002,4,Arctic,2.063,2002-04-01
2002,4,Northern_Hemisphere,0.744,2002-04-01
2002,4,Southern_Hemisphere,0.424,2002-04-01
2002,4,Tropics,0.385,2002-04-01
2002,4,North_America,0.866,2002-04-01
2002,4,Europe,0.952,2002-04-01
2002,4,Asia,0.779,2002-04-01
2002,5,Arctic,2.038,2002-05-01
2002,5,Northern_Hemisphere,0.848,2002-05-01
2002,5,Southern_Hemisphere,0.454,2002-05-01
2002,5,Tropics,0.437,2002-05-01
2002,5,North_America,0.87,2002-05-01
2002,5,Europe,0.985,2002-05-01
2002,5,Asia,0.677,2002-05-01
2002,6,Arctic,2.045,2002-06-01
2002,6,Northern_Hemisphere,0.815,2002-06-01
2002,6,Southern_Hemisphere,0.463,2002-06-01
2002,6,Tropics,0.379,2002-06-01
2002,6,North_America,0.883,2002-06-01
2002,6,Europe,1.018,2002-06-01
2002,6,Asia,0.741,2002-06-01
2002,7,Arctic,2.071,2002-07-01
2002,7,Northern_Hemisphere,0.766,2002-07-01
2002,7,Southern_Hemisphere,0.412,2002-07-01
2002,7,Tropics,0.35,2002-07-01
2002,7,North_America,0.9,2002-07-01
2002,7,Europe,0.963,2002-07-01
2002,7,Asia,0.726,2002-07-01
2002,8,Arctic,2.078,2002-08-01
2002,8,Northern_Hemisphere,0.9,2002-08-01
2002,8,Southern_Hemisphere,0.489,2002-08-01
2002,8,Tropics,0.339,2002-08-01
2002,8,North_America,1.032,2002-08-01
2002,8,Europe,1.032,2002-08-01
2002,8,Asia,0.753,2002-08-01
2002,9,Arctic,2.203,2002-09-01
2002,9,Northern_Hemisphere,0.873,2002-09-01
2002,9,Southern_Hemisphere,0.551,2002-09-01
2002,9,Tropics,0.416,2002-09-01
2002,9,North_America,0.99,2002-09-01
2002,9,Europe,1.113,2002-09-01
2002,9,Asia,0.874,2002-09-01
2002,10,Arctic,2.175,2002-10-01
2002,10,Northern_Hemisphere,0.833,2002-10-01
2002,10,Southern_Hemisphere,0.454,2002-10-01
2002,10,Tropics,0.434,2002-10-01
2002,10,North_America,0.846,2002-10-01
2002,10,Europe,0.996,2002-10-01
2002,10,Asia,0.83,2002-10-01
2002,11,Arctic,2.221,2002-11-01
2002,11,Northern_Hemisphere,0.889,2002-11-01
2002,11,Southern_Hemisphere,0.539,2002-11-01
2002,11,Tropics,0.474,2002-11-01
2002,11,North_America,0.95,2002-11-01
2002,11,Europe,1.046,2002-11-01
2002,11,Asia,0.781,2002-11-01
2002,12,Arctic,2.242,2002-12-01
2002,12,Northern_Hemisphere,0.912,2002-12-01
2002,12,Southern_Hemisphere,0.529,2002-12-01
2002,12,Tropics,0.495,2002-12-01
2002,12,North_America,0.911,2002-12-01
2002,12,Europe,1.103,2002-12-01
2002,12,Asia,0.853,2002-12-01
2003,1,Arctic,2.237,2003-01-01
2003,1,Northern_Hemisphere,0.788,2003-01-01
2003,1,Southern_Hemisphere,0.533,2003-01-01
2003,1,Tropics,0.511,2003-01-01
2003,1,North_America,0.931,2003-01-01
2003,1,Europe,1.111,2003-01-01
2003,1,Asia,0.805,2003-01-01
2003,2,Arctic,2.203,2003-02-01
2003,2,Northern_Hemisphere,0.873,2003-02-01
2003,2,Southern_Hemisphere,0.563,2003-02-01
2003,2,Tropics,0.513,2003-02-01
2003,2,North_America,1.038,2003-02-01
2003,2,Europe,1.085,2003-02-01
2003,2,Asia,0.893,2003-02-01
2003,3,Arctic,2.217,2003-03-01
2003,3,Northern_Hemisphere,0.843,2003-03-01
2003,3,Southern_Hemisphere,0.528,2003-03-01
2003,3,Tropics,0.527,2003-03-01
2003,3,North_America,0.968,2003-03-01
2003,3,Europe,1.099,2003-03-01
2003,3,Asia,0.88,2003-03-01
2003,4,Arctic,2.242,2003-04-01
2003,4,Northern_Hemisphere,0.86,2003-04-01
2003,4,Southern_Hemisphere,0.627,2003-04-01
2003,4,Tropics,0.485,2003-04-01
2003,4,North_America,0.982,2003-04-01
2003,4,Europe,1.11,2003-04-01
2003,4,Asia,0.894,2003-04-01
2003,5,Arctic,2.335,2003-05-01
2003,5,Northern_Hemisphere,0.884,2003-05-01
2003,5,Southern_Hemisphere,0.584,2003-05-01
2003,5,Tropics,0.504,2003-05-01
2003,5,North_America,1.064,2003-05-01
2003,5,Europe,1.18,2003-05-01
2003,5,Asia,0.891,2003-05-01
2003,6,Arctic,2.291,2003-06-01
2003,6,Northern_Hemisphere,0.822,2003-06-01
2003,6,Southern_Hemisphere,0.515,2003-06-01
2003,6,Tropics,0.486,2003-06-01
2003,6,North_America,0.917,2003-06-01
2003,6,Europe,1.084,2003-06-01
2003,6,Asia,0.89,2003-06-01
2003,7,Arctic,2.183,2003-07-01
2003,7,Northern_Hemisphere,0.894,2003-07-01
2003,7,Southern_Hemisphere,0.476,2003-07-01
2003,7,Tropics,0.432,2003-07-01
2003,7,North_America,0.941,2003-07-01
2003,7,Europe,0.996,2003-07-01
2003,7,Asia,0.799,2003-07-01
2003,8,Arctic,2.149,2003-08-01
2003,8,Northern_Hemisphere,0.825,2003-08-01
2003,8,Southern_Hemisphere,0.417,2003-08-01
2003,8,Tropics,0.296,2003-08-01
2003,8,North_America,0.843,2003-08-01
2003,8,Europe,1.047,2003-08-01
2003,8,Asia,0.715,2003-08-01
2003,9,Arctic,2.09,2003-09-01
2003,9,Northern_Hemisphere,0.77,2003-09-01
2003,9,Southern_Hemisphere,0.442,2003-09-01
2003,9,Tropics,0.339,2003-09-01
2003,9,North_America,0.862,2003-09-01
2003,9,Europe,0.931,2003-09-01
2003,9,Asia,0.734,2003-09-01
2003,10,Arctic,2.03,2003-10-01
2003,10,Northern_Hemisphere,0.738,2003-10-01
2003,10,Southern_Hemisphere,0.45,2003-10-01
2003,10,Tropics,0.332,2003-10-01
2003,10,North_America,0.885,2003-10-01
2003,10,Europe,1.011,2003-10-01
2003,10,Asia,0.756,2003-10-01
2003,11,Arctic,2.056,2003-11-01
2003,11,Northern_Hemisphere,0.817,2003-11-01
2003,11,Southern_Hemisphere,0.4,2003-11-01
2003,11,Tropics,0.384,2003-11-01
2003,11,North_America,0.94,2003-11-01
2003,11,Europe,0.976,2003-11-01
2003,11,Asia,0.747,2003-11-01
2003,12,Arctic,2.196,2003-12-01
2003,12,Northern_Hemisphere,0.746,2003-12-01
2003,12,Southern_Hemisphere,0.473,2003-12-01
2003,12,Tropics,0.436,2003-12-01
2003,12,North_America,0.904,2003-12-01
2003,12,Europe,1.01,2003-12-01
2003,12,Asia,0.756,2003-12-01
2004,1,Arctic,2.183,2004-01-01
2004,1,Northern_Hemisphere,0.796,2004-01-01
2004,1,Southern_Hemisphere,0.454,2004-01-01
2004,1,Tropics,0.349,2004-01-01
2004,1,North_America,0.878,2004-01-01
2004,1,Europe,0.995,2004-01-01
2004,1,Asia,0.827,2004-01-01
2004,2,Arctic,2.105,2004-02-01
2004,2,Northern_Hemisphere,0.744,2004-02-01
2004,2,Southern_Hemisphere,0.429,2004-02-01
2004,2,Tropics,0.419,2004-02-01
2004,2,North_America,0.806,2004-02-01
2004,2,Europe,1.037,2004-02-01
2004,2,Asia,0.799,2004-02-01
2004,3,Arctic,2.105,2004-03-01
2004,3,Northern_Hemisphere,0.839,2004-03-01
2004,3,Southern_Hemisphere,0.456,2004-03-01
2004,3,Tropics,0.39,2004-03-01
2004,3,North_America,0.869,2004-03-01
2004,3,Europe,1.005,2004-03-01
2004,3,Asia,0.733,2004-03-01
2004,4,Arctic,2.084,2004-04-01
2004,4,Northern_Hemisphere,0.763,2004-04-01
2004,4,Southern_Hemisphere,0.414,2004-04-01
2004,4,Tropics,0.327,2004-04-01
2004,4,North_America,0.872,2004-04-01
2004,4,Europe,1.037,2004-04-01
2004,4,Asia,0.769,2004-04-01
2004,5,Arctic,2.02,2004-05-01
2004,5,Northern_Hemisphere,0.759,2004-05-01
2004,5,Southern_Hemisphere,0.527,2004-05-01
2004,5,Tropics,0.471,2004-05-01
2004,5,North_America,0.93,2004-05-01
2004,5,Europe,0.981,2004-05-01
2004,5,Asia,0.871,2004-05-01
2004,6,Arctic,2.008,2004-06-01
2004,6,Northern_Hemisphere,0.794,2004-06-01
2004,6,Southern_Hemisphere,0.452,2004-06-01
2004,6,Tropics,0.397,2004-06-01
2004,6,North_America,0.766,2004-06-01
2004,6,Europe,0.919,2004-06-01
2004,6,Asia,0.726,2004-06-01
2004,7,Arctic,1.939,2004-07-01
2004,7,Northern_Hemisphere,0.717,2004-07-01
2004,7,Southern_Hemisphere,0.438,2004-07-01
2004,7,Tropics,0.399,2004-07-01
2004,7,North_America,0.75,2004-07-01
2004,7,Europe,0.939,2004-07-01
2004,7,Asia,0.707,2004-07-01
2004,8,Arctic,1.917,2004-08-01
2004,8,Northern_Hemisphere,0.679,2004-08-01
2004,8,Southern_Hemisphere,0.462,2004-08-01
2004,8,Tropics,0.256,2004-08-01
2004,8,North_America,0.774,2004-08-01
2004,8,Europe,0.903,2004-08-01
2004,8,Asia,0.682,2004-08-01
2004,9,Arctic,1.953,2004-09-01
2004,9,Northern_Hemisphere,0.723,2004-09-01
2004,9,Southern_Hemisphere,0.395,2004-09-01
2004,9,Tropics,0.32,2004-09-01
2004,9,North_America,0.782,2004-09-01
2004,9,Europe,0.905,2004-09-01
2004,9,Asia,0.649,2004-09-01
2004,10,Arctic,1.95,2004-10-01
2004,10,Northern_Hemisphere,0.755,2004-10-01
2004,10,Southern_Hemisphere,0.448,2004-10-01
2004,10,Tropics,0.326,2004-10-01
2004,10,North_America,0.785,2004-10-01
2004,10,Europe,0.884,2004-10-01
2004,10,Asia,0.663,2004-10-01
2004,11,Arctic,1.893,2004-11-01
2004,11,Northern_Hemisphere,0.739,2004-11-01
2004,11,Southern_Hemisphere,0.404,2004-11-01
2004,11,Tropics,0.291,2004-11-01
2004,11,North_America,0.812,2004-11-01
2004,11,Europe,0.892,2004-11-01
2004,11,Asia,0.684,2004-11-01
2004,12,Arctic,1.893,2004-12-01
2004,12,Northern_Hemisphere,0.707,2004-12-01
2004,12,Southern_Hemisphere,0.326,2004-12-01
2004,12,Tropics,0.36,2004-12-01
2004,12,North_America,0.745,2004-12-01
2004,12,Europe,0.862,2004-12-01
2004,12,Asia,0.665,2004-12-01
2005,1,Arctic,1.894,2005-01-01
2005,1,Northern_Hemisphere,0.717,2005-01-01
2005,1,Southern_Hemisphere,0.404,2005-01-01
2005,1,Tropics,0.396,2005-01-01
2005,1,North_America,0.79,2005-01-01
2005,1,Europe,0.921,2005-01-01
2005,1,Asia,0.651,2005-01-01
2005,2,Arctic,1.933,2005-02-01
2005,2,Northern_Hemisphere,0.764,2005-02-01
2005,2,Southern_Hemisphere,0.443,2005-02-01
2005,2,Tropics,0.393,2005-02-01
2005,2,North_America,0.774,2005-02-01
2005,2,Europe,0.931,2005-02-01
2005,2,Asia,0.752,2005-02-01
2005,3,Arctic,2.032,2005-03-01
2005,3,Northern_Hemisphere,0.798,2005-03-01
2005,3,Southern_Hemisphere,0.455,2005-03-01
2005,3,Tropics,0.39,2005-03-01
2005,3,North_America,0.837,2005-03-01
2005,3,Europe,0.969,2005-03-01
2005,3,Asia,0.765,2005-03-01
2005,4,Arctic,2.035,2005-04-01
2005,4,Northern_Hemisphere,0.767,2005-04-01
2005,4,Southern_Hemisphere,0.42,2005-04-01
2005,4,Tropics,0.405,2005-04-01
2005,4,North_America,0.862,2005-04-01
2005,4,Europe,1.007,2005-04-01
2005,4,Asia,0.774,2005-04-01
2005,5,Arctic,2.037,2005-05-01
2005,5,Northern_Hemisphere,0.8,2005-05-01
2005,5,Southern_Hemisphere,0.516,2005-05-01
2005,5,Tropics,0.389,2005-05-01
2005,5,North_America,0.869,2005-05-01
2005,5,Europe,1.05,2005-05-01
2005,5,Asia,0.802,2005-05-01
2005,6,Arctic,2.19,2005-06-01
2005,6,Northern_Hemisphere,0.779,2005-06-01
2005,6,Southern_Hemisphere,0.45,2005-06-01
2005,6,Tropics,0.371,2005-06-01
2005,6,North_America,0.852,2005-06-01
2005,6,Europe,1.029,2005-06-01
2005,6,Asia,0.723,2005-06-01
2005,7,Arctic,2.2,2005-07-01
2005,7,Northern_Hemisphere,0.809,2005-07-01
2005,7,Southern_Hemisphere,0.452,2005-07-01
2005,7,Tropics,0.382,2005-07-01
2005,7,North_America,0.866,2005-07-01
2005,7,Europe,1.093,2005-07-01
2005,7,Asia,0.776,2005-07-01
2005,8,Arctic,2.193,2005-08-01
2005,8,Northern_Hemisphere,0.875,2005-08-01
2005,8,Southern_Hemisphere,0.446,2005-08-01
2005,8,Tropics,0.416,2005-08-01
2005,8,North_America,0.935,2005-08-01
2005,8,Europe,1.05,2005-08-01
2005,8,Asia,0.734,2005-08-01
2005,9,Arctic,2.243,2005-09-01
2005,9,Northern_Hemisphere,0.863,2005-09-01
2005,9,Southern_Hemisphere,0.446,2005-09-01
2005,9,Tropics,0.47,2005-09-01
2005,9,North_America,0.968,2005-09-01
2005,9,Europe,1.105,2005-09-01
2005,9,Asia,0.822,2005-09-01
2005,10,Arctic,2.253,2005-10-01
2005,10,Northern_Hemisphere,0.897,2005-10-01
2005,10,Southern_Hemisphere,0.538,2005-10-01
2005,10,Tropics,0.366,2005-10-01
2005,10,North_America,0.948,2005-10-01
2005,10,Europe,1.122,2005-10-01
2005,10,Asia,0.825,2005-10-01
2005,11,Arctic,2.325,2005-11-01
2005,11,Northern_Hemisphere,0.856,2005-11-01
2005,11,Southern_Hemisphere,0.562,2005-11-01
2005,11,Tropics,0.413,2005-11-01
2005,11,North_America,0.93,2005-11-01
2005,11,Europe,1.073,2005-11-01
2005,11,Asia,0.823,2005-11-01
2005,12,Arctic,2.401,2005-12-01
2005,12,Northern_Hemisphere,0.956,2005-12-01
2005,12,Southern_Hemisphere,0.427,2005-12-01
2005,12,Tropics,0.439,2005-12-01
2005,12,North_America,1.009,2005-12-01
2005,12,Europe,1.169,2005-12-01
2005,12,Asia,0.86,2005-12-01
2006,1,Arctic,2.425,2006-01-01
2006,1,Northern_Hemisphere,0.89,2006-01-01
2006,1,Southern_Hemisphere,0.416,2006-01-01
2006,1,Tropics,0.398,2006-01-01
2006,1,North_America,0.983,2006-01-01
2006,1,Europe,1.091,2006-01-01
2006,1,Asia,0.954,2006-01-01
2006,2,Arctic,2.343,2006-02-01
2006,2,Northern_Hemisphere,0.889,2006-02-01
2006,2,Southern_Hemisphere,0.516,2006-02-01
2006,2,Tropics,0.421,2006-02-01
2006,2,North_America,1.01,2006-02-01
2006,2,Europe,1.079,2006-02-01
2006,2,Asia,0.828,2006-02-01
2006,3,Arctic,2.368,2006-03-01
2006,3,Northern_Hemisphere,0.92,2006-03-01
2006,3,Southern_Hemisphere,0.585,2006-03-01
2006,3,Tropics,0.446,2006-03-01
2006,3,North_America,1.074,2006-03-01
2006,3,Europe,1.082,2006-03-01
2006,3,Asia,0.921,2006-03-01
2006,4,Arctic,2.382,2006-04-01
2006,4,Northern_Hemisphere,0.865,2006-04-01
2006,4,Southern_Hemisphere,0.494,2006-04-01
2006,4,Tropics,0.547,2006-04-01
2006,4,North_America,1.027,2006-04-01
2006,4,Europe,1.118,2006-04-01
2006,4,Asia,0.752,2006-04-01
2006,5,Arctic,2.298,2006-05-01
2006,5,Northern_Hemisphere,0.88,2006-05-01
2006,5,Southern_Hemisphere,0.533,2006-05-01
2006,5,Tropics,0.414,2006-05-01
2006,5,North_America,1.011,2006-05-01
2006,5,Europe,1.137,2006-05-01
2006,5,Asia,0.827,2006-05-01
2006,6,Arctic,2.333,2006-06-01
2006,6,Northern_Hemisphere,0.869,2006-06-01
2006,6,Southern_Hemisphere,0.53,2006-06-01
2006,6,Tropics,0.49,2006-06-01
2006,6,North_America,1.034,2006-06-01
2006,6,Europe,1.141,2006-06-01
2006,6,Asia,0.819,2006-06-01
2006,7,Arctic,2.332,2006-07-01
2006,7,Northern_Hemisphere,0.82,2006-07-01
2006,7,Southern_Hemisphere,0.462,2006-07-01
2006,7,Tropics,0.457,2006-07-01
2006,7,North_America,1.02,2006-07-01
2006,7,Europe,1.121,2006-07-01
2006,7,Asia,0.851,2006-07-01
2006,8,Arctic,2.232,2006-08-01
2006,8,Northern_Hemisphere,0.861,2006-08-01
2006,8,Southern_Hemisphere,0.539,2006-08-01
2006,8,Tropics,0.398,2006-08-01
2006,8,North_America,0.908,2006-08-01
2006,8,Europe,1.039,2006-08-01
2006,8,Asia,0.817,2006-08-01
2006,9,Arctic,2.159,2006-09-01
2006,9,Northern_Hemisphere,0.824,2006-09-01
2006,9,Southern_Hemisphere,0.413,2006-09-01
2006,9,Tropics,0.482,2006-09-01
2006,9,North_America,0.925,2006-09-01
2006,9,Europe,1.031,2006-09-01
2006,9,Asia,0.799,2006-09-01
2006,10,Arctic,2.174,2006-10-01
2006,10,Northern_Hemisphere,0.814,2006-10-01
2006,10,Southern_Hemisphere,0.485,2006-10-01
2006,10,Tropics,0.386,2006-10-01
2006,10,North_America,0.868,2006-10-01
2006,10,Europe,0.925,2006-10-01
2006,10,Asia,0.733,2006-10-01
2006,11,Arctic,2.228,2006-11-01
2006,11,Northern_Hemisphere,0.8,2006-11-01
2006,11,Southern_Hemisphere,0.399,2006-11-01
2006,11,Tropics,0.365,2006-11-01
2006,11,North_America,0.902,2006-11-01
2006,11,Europe,1.039,2006-11-01
2006,11,Asia,0.788,2006-11-01
2006,12,Arctic,2.12,2006-12-01
2006,12,Northern_Hemisphere,0.844,2006-12-01
2006,12,Southern_Hemisphere,0.479,2006-12-01
2006,12,Tropics,0.418,2006-12-01
2006,12,North_America,1.012,2006-12-01
2006,12,Europe,0.998,2006-12-01
2006,12,Asia,0.795,2006-12-01
2007,1,Arctic,2.227,2007-01-01
2007,1,Northern_Hemisphere,0.859,2007-01-01
2007,1,Southern_Hemisphere,0.464,2007-01-01
2007,1,Tropics,0.359,2007-01-01
2007,1,North_America,0.994,2007-01-01
2007,1,Europe,1.029,2007-01-01
2007,1,Asia,0.774,2007-01-01
2007,2,Arctic,2.164,2007-02-01
2007,2,Northern_Hemisphere,0.82,2007-02-01
2007,2,Southern_Hemisphere,0.441,2007-02-01
2007,2,Tropics,0.473,2007-02-01
2007,2,North_America,0.87,2007-02-01
2007,2,Europe,1.074,2007-02-01
2007,2,Asia,0.803,2007-02-01
2007,3,Arctic,2.26,2007-03-01
2007,3,Northern_Hemisphere,0.895,2007-03-01
2007,3,Southern_Hemisphere,0.483,2007-03-01
2007,3,Tropics,0.362,2007-03-01
2007,3,North_America,0.991,2007-03-01
2007,3,Europe,1.082,2007-03-01
2007,3,Asia,0.787,2007-03-01
2007,4,Arctic,2.185,2007-04-01
2007,4,Northern_Hemisphere,0.876,2007-04-01
2007,4,Southern_Hemisphere,0.523,2007-04-01
2007,4,Tropics,0.483,2007-04-01
2007,4,North_America,0.94,2007-04-01
2007,4,Europe,1.053,2007-04-01
2007,4,Asia,0.83,2007-04-01
2007,5,Arctic,2.249,2007-05-01
2007,5,Northern_Hemisphere,0.79,2007-05-01
2007,5,Southern_Hemisphere,0.554,2007-05-01
2007,5,Tropics,0.524,2007-05-01
2007,5,North_America,0.988,2007-05-01
2007,5,Europe,1.069,2007-05-01
2007,5,Asia,0.836,2007-05-01
2007,6,Arctic,2.3,2007-06-01
2007,6,Northern_Hemisphere,0.875,2007-06-01
2007,6,Southern_Hemisphere,0.483,2007-06-01
2007,6,Tropics,0.394,2007-06-01
2007,6,North_America,0.955,2007-06-01
2007,6,Europe,1.057,2007-06-01
2007,6,Asia,0.766,2007-06-01
2007,7,Arctic,2.21,2007-07-01
2007,7,Northern_Hemisphere,0.836,2007-07-01
2007,7,Southern_Hemisphere,0.579,2007-07-01
2007,7,Tropics,0.409,2007-07-01
2007,7,North_America,0.926,2007-07-01
2007,7,Europe,1.064,2007-07-01
2007,7,Asia,0.868,2007-07-01
2007,8,Arctic,2.336,2007-08-01
2007,8,Northern_Hemisphere,0.873,2007-08-01
2007,8,Southern_Hemisphere,0.443,2007-08-01
2007,8,Tropics,0.452,2007-08-01
2007,8,North_America,0.881,2007-08-01
2007,8,Europe,1.005,2007-08-01
2007,8,Asia,0.807,2007-08-01
2007,9,Arctic,2.259,2007-09-01
2007,9,Northern_Hemisphere,0.915,2007-09-01
2007,9,Southern_Hemisphere,0.456,2007-09-01
2007,9,Tropics,0.425,2007-09-01
2007,9,North_America,0.933,2007-09-01
2007,9,Europe,1.09,2007-09-01
2007,9,Asia,0.833,2007-09-01
2007,10,Arctic,2.248,2007-10-01
2007,10,Northern_Hemisphere,0.807,2007-10-01
2007,10,Southern_Hemisphere,0.457,2007-10-01
2007,10,Tropics,0.419,2007-10-01
2007,10,North_America,0.958,2007-10-01
2007,10,Europe,1.038,2007-10-01
2007,10,Asia,0.852,2007-10-01
2007,11,Arctic,2.2,2007-11-01
2007,11,Northern_Hemisphere,0.917,2007-11-01
2007,11,Southern_Hemisphere,0.479,2007-11-01
2007,11,Tropics,0.446,2007-11-01
2007,11,North_America,0.869,2007-11-01
2007,11,Europe,1.039,2007-11-01
2007,11,Asia,0.792,2007-11-01
2007,12,Arctic,2.291,2007-12-01
2007,12,Northern_Hemisphere,0.831,2007-12-01
2007,12,Southern_Hemisphere,0.533,2007-12-01
2007,12,Tropics,0.334,2007-12-01
2007,12,North_America,0.969,2007-12-01
2007,12,Europe,1.118,2007-12-01
2007,12,Asia,0.895,2007-12-01
2008,1,Arctic,2.237,2008-01-01
2008,1,Northern_Hemisphere,0.834,2008-01-01
2008,1,Southern_Hemisphere,0.497,2008-01-01
2008,1,Tropics,0.477,2008-01-01
2008,1,North_America,0.871,2008-01-01
2008,1,Europe,1.094,2008-01-01
2008,1,Asia,0.75,2008-01-01
2008,2,Arctic,2.194,2008-02-01
2008,2,Northern_Hemisphere,0.812,2008-02-01
2008,2,Southern_Hemisphere,0.522,2008-02-01
2008,2,Tropics,0.41,2008-02-01
2008,2,North_America,0.905,2008-02-01
2008,2,Europe,1.028,2008-02-01
2008,2,Asia,0.763,2008-02-01
2008,3,Arctic,2.224,2008-03-01
2008,3,Northern_Hemisphere,0.85,2008-03-01
2008,3,Southern_Hemisphere,0.432,2008-03-01
2008,3,Tropics,0.428,2008-03-01
2008,3,North_America,0.842,2008-03-01
2008,3,Europe,1.105,2008-03-01
2008,3,Asia,0.827,2008-03-01
2008,4,Arctic,2.096,2008-04-01
2008,4,Northern_Hemisphere,0.787,2008-04-01
2008,4,Southern_Hemisphere,0.43,2008-04-01
2008,4,Tropics,0.416,2008-04-01
2008,4,North_America,0.934,2008-04-01
2008,4,Europe,1.056,2008-04-01
2008,4,Asia,0.858,2008-04-01
2008,5,Arctic,2.203,2008-05-01
2008,5,Northern_Hemisphere,0.798,2008-05-01
2008,5,Southern_Hemisphere,0.495,2008-05-01
2008,5,Tropics,0.405,2008-05-01
2008,5,North_America,0.914,2008-05-01
2008,5,Europe,1.022,2008-05-01
2008,5,Asia,0.753,2008-05-01
2008,6,Arctic,2.123,2008-06-01
2008,6,Northern_Hemisphere,0.813,2008-06-01
2008,6,Southern_Hemisphere,0.49,2008-06-01
2008,6,Tropics,0.408,2008-06-01
2008,6,North_America,0.786,2008-06-01
2008,6,Europe,1.015,2008-06-01
2008,6,Asia,0.711,2008-06-01
2008,7,Arctic,2.077,2008-07-01
2008,7,Northern_Hemisphere,0.697,2008-07-01
2008,7,Southern_Hemisphere,0.443,2008-07-01
2008,7,Tropics,0.325,2008-07-01
2008,7,North_America,0.759,2008-07-01
2008,7,Europe,0.914,2008-07-01
2008,7,Asia,0.733,2008-07-01
2008,8,Arctic,2.0,2008-08-01
2008,8,Northern_Hemisphere,0.765,2008-08-01
2008,8,Southern_Hemisphere,0.416,2008-08-01
2008,8,Tropics,0.383,2008-08-01
2008,8,North_America,0.861,2008-08-01
2008,8,Europe,1.042,2008-08-01
2008,8,Asia,0.711,2008-08-01
2008,9,Arctic,1.986,2008-09-01
2008,9,Northern_Hemisphere,0.735,2008-09-01
2008,9,Southern_Hemisphere,0.406,2008-09-01
2008,9,Tropics,0.358,2008-09-01
2008,9,North_America,0.8,2008-09-01
2008,9,Europe,0.962,2008-09-01
2008,9,Asia,0.666,2008-09-01
2008,10,Arctic,1.918,2008-10-01
2008,10,Northern_Hemisphere,0.682,2008-10-01
2008,10,Southern_Hemisphere,0.378,2008-10-01
2008,10,Tropics,0.338,2008-10-01
2008,10,North_America,0.771,2008-10-01
2008,10,Europe,0.849,2008-10-01
2008,10,Asia,0.63,2008-10-01
2008,11,Arctic,1.838,2008-11-01
2008,11,Northern_Hemisphere,0.652,2008-11-01
2008,11,Southern_Hemisphere,0.401,2008-11-01
2008,11,Tropics,0.35,2008-11-01
2008,11,North_America,0.762,2008-11-01
2008,11,Europe,0.931,2008-11-01
2008,11,Asia,0.647,2008-11-01
2008,12,Arctic,1.839,2008-12-01
2008,12,Northern_Hemisphere,0.669,2008-12-01
2008,12,Southern_Hemisphere,0.419,2008-12-01
2008,12,Tropics,0.383,2008-12-01
2008,12,North_America,0.746,2008-12-01
2008,12,Europe,0.926,2008-12-01
2008,12,Asia,0.627,2008-12-01
2009,1,Arctic,1.922,2009-01-01
2009,1,Northern_Hemisphere,0.707,2009-01-01
2009,1,Southern_Hemisphere,0.392,2009-01-01
2009,1,Tropics,0.303,2009-01-01
2009,1,North_America,0.765,2009-01-01
2009,1,Europe,0.892,2009-01-01
2009,1,Asia,0.708,2009-01-01
2009,2,Arctic,1.948,2009-02-01
2009,2,Northern_Hemisphere,0.719,2009-02-01
2009,2,Southern_Hemisphere,0.399,2009-02-01
2009,2,Tropics,0.348,2009-02-01
2009,2,North_America,0.867,2009-02-01
2009,2,Europe,1.003,2009-02-01
2009,2,Asia,0.669,2009-02-01
2009,3,Arctic,1.986,2009-03-01
2009,3,Northern_Hemisphere,0.716,2009-03-01
2009,3,Southern_Hemisphere,0.396,2009-03-01
2009,3,Tropics,0.351,2009-03-01
2009,3,North_America,0.825,2009-03-01
2009,3,Europe,0.905,2009-03-01
2009,3,Asia,0.774,2009-03-01
2009,4,Arctic,2.004,2009-04-01
2009,4,Northern_Hemisphere,0.806,2009-04-01
2009,4,Southern_Hemisphere,0.357,2009-04-01
2009,4,Tropics,0.424,2009-04-01
2009,4,North_America,0.905,2009-04-01
2009,4,Europe,0.989,2009-04-01
2009,4,Asia,0.678,2009-04-01
2009,5,Arctic,2.007,2009-05-01
2009,5,Northern_Hemisphere,0.771,2009-05-01
2009,5,Southern_Hemisphere,0.437,2009-05-01
2009,5,Tropics,0.399,2009-05-01
2009,5,North_America,0.86,2009-05-01
2009,5,Europe,0.994,2009-05-01
2009,5,Asia,0.773,2009-05-01
2009,6,Arctic,2.031,2009-06-01
2009,6,Northern_Hemisphere,0.801,2009-06-01
2009,6,Southern_Hemisphere,0.467,2009-06-01
2009,6,Tropics,0.426,2009-06-01
2009,6,North_America,0.899,2009-06-01
2009,6,Europe,0.915,2009-06-01
2009,6,Asia,0.809,2009-06-01
2009,7,Arctic,2.168,2009-07-01
2009,7,Northern_Hemisphere,0.758,2009-07-01
2009,7,Southern_Hemisphere,0.487,2009-07-01
2009,7,Tropics,0.352,2009-07-01
2009,7,North_America,0.907,2009-07-01
2009,7,Europe,1.015,2009-07-01
2009,7,Asia,0.821,2009-07-01
2009,8,Arctic,2.195,2009-08-01
2009,8,Northern_Hemisphere,0.743,2009-08-01
2009,8,Southern_Hemisphere,0.456,2009-08-01
2009,8,Tropics,0.378,2009-08-01
2009,8,North_America,0.863,2009-08-01
2009,8,Europe,1.001,2009-08-01
2009,8,Asia,0.784,2009-08-01
2009,9,Arctic,2.204,2009-09-01
2009,9,Northern_Hemisphere,0.828,2009-09-01
2009,9,Southern_Hemisphere,0.512,2009-09-01
2009,9,Tropics,0.404,2009-09-01
2009,9,North_America,0.888,2009-09-01
2009,9,Europe,1.007,2009-09-01
2009,9,Asia,0.805,2009-09-01
2009,10,Arctic,2.277,2009-10-01
2009,10,Northern_Hemisphere,0.941,2009-10-01
2009,10,Southern_Hemisphere,0.617,2009-10-01
2009,10,Tropics,0.525,2009-10-01
2009,10,North_America,0.99,2009-10-01
2009,10,Europe,1.056,2009-10-01
2009,10,Asia,0.837,2009-10-01
2009,11,Arctic,2.399,2009-11-01
2009,11,Northern_Hemisphere,0.882,2009-11-01
2009,11,Southern_Hemisphere,0.56,2009-11-01
2009,11,Tropics,0.443,2009-11-01
2009,11,North_America,1.007,2009-11-01
2009,11,Europe,1.133,2009-11-01
2009,11,Asia,0.919,2009-11-01
2009,12,Arctic,2.401,2009-12-01
2009,12,Northern_Hemisphere,0.929,2009-12-01
2009,12,Southern_Hemisphere,0.554,2009-12-01
2009,12,Tropics,0.541,2009-12-01
2009,12,North_America,1.095,2009-12-01
2009,12,Europe,1.154,2009-12-01
2009,12,Asia,0.902,2009-12-01
2010,1,Arctic,2.351,2010-01-01
2010,1,Northern_Hemisphere,0.962,2010-01-01
2010,1,Southern_Hemisphere,0.575,2010-01-01
2010,1,Tropics,0.567,2010-01-01
2010,1,North_America,0.996,2010-01-01
2010,1,Europe,1.163,2010-01-01
2010,1,Asia,0.877,2010-01-01
2010,2,Arctic,2.429,2010-02-01
2010,2,Northern_Hemisphere,0.93,2010-02-01
2010,2,Southern_Hemisphere,0.564,2010-02-01
2010,2,Tropics,0.53,2010-02-01
2010,2,North_America,1.052,2010-02-01
2010,2,Europe,1.181,2010-02-01
2010,2,Asia,0.95,2010-02-01
2010,3,Arctic,2.488,2010-03-01
2010,3,Northern_Hemisphere,1.031,2010-03-01
2010,3,Southern_Hemisphere,0.612,2010-03-01
2010,3,Tropics,0.563,2010-03-01
2010,3,North_America,1.085,2010-03-01
2010,3,Europe,1.201,2010-03-01
2010,3,Asia,0.97,2010-03-01
2010,4,Arctic,2.49,2010-04-01
2010,4,Northern_Hemisphere,1.008,2010-04-01
2010,4,Southern_Hemisphere,0.576,2010-04-01
2010,4,Tropics,0.486,2010-04-01
2010,4,North_America,1.169,2010-04-01
2010,4,Europe,1.249,2010-04-01
2010,4,Asia,0.971,2010-04-01
2010,5,Arctic,2.422,2010-05-01
2010,5,Northern_Hemisphere,0.875,2010-05-01
2010,5,Southern_Hemisphere,0.547,2010-05-01
2010,5,Tropics,0.472,2010-05-01
2010,5,North_America,1.014,2010-05-01
2010,5,Europe,1.159,2010-05-01
2010,5,Asia,0.852,2010-05-01
2010,6,Arctic,2.442,2010-06-01
2010,6,Northern_Hemisphere,0.851,2010-06-01
2010,6,Southern_Hemisphere,0.524,2010-06-01
2010,6,Tropics,0.506,2010-06-01
2010,6,North_America,0.96,2010-06-01
2010,6,Europe,1.175,2010-06-01
2010,6,Asia,0.936,2010-06-01
2010,7,Arctic,2.455,2010-07-01
2010,7,Northern_Hemisphere,0.904,2010-07-01
2010,7,Southern_Hemisphere,0.526,2010-07-01
2010,7,Tropics,0.398,2010-07-01
2010,7,North_America,1.03,2010-07-01
2010,7,Europe,1.155,2010-07-01
2010,7,Asia,0.921,2010-07-01
2010,8,Arctic,2.364,2010-08-01
2010,8,Northern_Hemisphere,0.801,2010-08-01
2010,8,Southern_Hemisphere,0.395,2010-08-01
2010,8,Tropics,0.402,2010-08-01
2010,8,North_America,1.002,2010-08-01
2010,8,Europe,1.01,2010-08-01
2010,8,Asia,0.811,2010-08-01
2010,9,Arctic,2.401,2010-09-01
2010,9,Northern_Hemisphere,0.866,2010-09-01
2010,9,Southern_Hemisphere,0.446,2010-09-01
2010,9,Tropics,0.341,2010-09-01
2010,9,North_America,0.901,2010-09-01
2010,9,Europe,1.008,2010-09-01
2010,9,Asia,0.795,2010-09-01
2010,10,Arctic,2.423,2010-10-01
2010,10,Northern_Hemisphere,0.844,2010-10-01
2010,10,Southern_Hemisphere,0.419,2010-10-01
2010,10,Tropics,0.282,2010-10-01
2010,10,North_America,0.932,2010-10-01
2010,10,Europe,1.07,2010-10-01
2010,10,Asia,0.701,2010-10-01
2010,11,Arctic,2.359,2010-11-01
2010,11,Northern_Hemisphere,0.873,2010-11-01
2010,11,Southern_Hemisphere,0.435,2010-11-01
2010,11,Tropics,0.342,2010-11-01
2010,11,North_America,0.947,2010-11-01
2010,11,Europe,1.088,2010-11-01
2010,11,Asia,0.8,2010-11-01
2010,12,Arctic,2.358,2010-12-01
2010,12,Northern_Hemisphere,0.856,2010-12-01
2010,12,Southern_Hemisphere,0.421,2010-12-01
2010,12,Tropics,0.367,2010-12-01
2010,12,North_America,1.01,2010-12-01
2010,12,Europe,1.066,2010-12-01
2010,12,Asia,0.826,2010-12-01
2011,1,Arctic,2.427,2011-01-01
2011,1,Northern_Hemisphere,0.846,2011-01-01
2011,1,Southern_Hemisphere,0.462,2011-01-01
2011,1,Tropics,0.404,2011-01-01
2011,1,North_America,0.918,2011-01-01
2011,1,Europe,1.091,2011-01-01
2011,1,Asia,0.897,2011-01-01
2011,2,Arctic,2.389,2011-02-01
2011,2,Northern_Hemisphere,0.827,2011-02-01
2011,2,Southern_Hemisphere,0.424,2011-02-01
2011,2,Tropics,0.396,2011-02-01
2011,2,North_America,0.96,2011-02-01
2011,2,Europe,1.083,2011-02-01
2011,2,Asia,0.915,2011-02-01
2011,3,Arctic,2.325,2011-03-01
2011,3,Northern_Hemisphere,0.823,2011-03-01
2011,3,Southern_Hemisphere,0.454,2011-03-01
2011,3,Tropics,0.354,2011-03-01
2011,3,North_America,0.951,2011-03-01
2011,3,Europe,1.094,2011-03-01
2011,3,Asia,0.831,2011-03-01
2011,4,Arctic,2.384,2011-04-01
2011,4,Northern_Hemisphere,0.853,2011-04-01
2011,4,Southern_Hemisphere,0.565,2011-04-01
2011,4,Tropics,0.355,2011-04-01
2011,4,North_America,0.897,2011-04-01
2011,4,Europe,1.056,2011-04-01
2011,4,Asia,0.808,2011-04-01
2011,5,Arctic,2.322,2011-05-01
2011,5,Northern_Hemisphere,0.899,2011-05-01
2011,5,Southern_Hemisphere,0.369,2011-05-01
2011,5,Tropics,0.306,2011-05-01
2011,5,North_America,0.91,2011-05-01
2011,5,Europe,1.131,2011-05-01
2011,5,Asia,0.809,2011-05-01
2011,6,Arctic,2.265,2011-06-01
2011,6,Northern_Hemisphere,0.787,2011-06-01
2011,6,Southern_Hemisphere,0.42,2011-06-01
2011,6,Tropics,0.341,2011-06-01
2011,6,North_America,0.898,2011-06-01
2011,6,Europe,1.071,2011-06-01
2011,6,Asia,0.743,2011-06-01
2011,7,Arctic,2.248,2011-07-01
2011,7,Northern_Hemisphere,0.825,2011-07-01
2011,7,Southern_Hemisphere,0.377,2011-07-01
2011,7,Tropics,0.347,2011-07-01
2011,7,North_America,0.845,2011-07-01
2011,7,Europe,1.006,2011-07-01
2011,7,Asia,0.744,2011-07-01
2011,8,Arctic,2.18,2011-08-01
2011,8,Northern_Hemisphere,0.838,2011-08-01
2011,8,Southern_Hemisphere,0.414,2011-08-01
2011,8,Tropics,0.279,2011-08-01
2011,8,North_America,0.811,2011-08-01
2011,8,Europe,0.976,2011-08-01
2011,8,Asia,0.682,2011-08-01
2011,9,Arctic,2.078,2011-09-01
2011,9,Northern_Hemisphere,0.751,2011-09-01
2011,9,Southern_Hemisphere,0.317,2011-09-01
2011,9,Tropics,0.315,2011-09-01
2011,9,North_America,0.785,2011-09-01
2011,9,Europe,0.981,2011-09-01
2011,9,Asia,0.741,2011-09-01
2011,10,Arctic,2.143,2011-10-01
2011,10,Northern_Hemisphere,0.622,2011-10-01
2011,10,Southern_Hemisphere,0.377,2011-10-01
2011,10,Tropics,0.328,2011-10-01
2011,10,North_America,0.835,2011-10-01
2011,10,Europe,0.863,2011-10-01
2011,10,Asia,0.702,2011-10-01
2011,11,Arctic,2.074,2011-11-01
2011,11,Northern_Hemisphere,0.656,2011-11-01
2011,11,Southern_Hemisphere,0.345,2011-11-01
2011,11,Tropics,0.354,2011-11-01
2011,11,North_America,0.844,2011-11-01
2011,11,Europe,0.942,2011-11-01
2011,11,Asia,0.704,2011-11-01
2011,12,Arctic,2.063,2011-12-01
2011,12,Northern_Hemisphere,0.751,2011-12-01
2011,12,Southern_Hemisphere,0.414,2011-12-01
2011,12,Tropics,0.409,2011-12-01
2011,12,North_America,0.774,2011-12-01
2011,12,Europe,0.897,2011-12-01
2011,12,Asia,0.562,2011-12-01
2012,1,Arctic,2.144,2012-01-01
2012,1,Northern_Hemisphere,0.769,2012-01-01
2012,1,Southern_Hemisphere,0.413,2012-01-01
2012,1,Tropics,0.373,2012-01-01
2012,1,North_America,0.829,2012-01-01
2012,1,Europe,0.921,2012-01-01
2012,1,Asia,0.776,2012-01-01
2012,2,Arctic,2.134,2012-02-01
2012,2,Northern_Hemisphere,0.636,2012-02-01
2012,2,Southern_Hemisphere,0.304,2012-02-01
2012,2,Tropics,0.338,2012-02-01
2012,2,North_America,0.788,2012-02-01
2012,2,Europe,0.958,2012-02-01
2012,2,Asia,0.681,2012-02-01
2012,3,Arctic,2.149,2012-03-01
2012,3,Northern_Hemisphere,0.802,2012-03-01
2012,3,Southern_Hemisphere,0.32,2012-03-01
2012,3,Tropics,0.373,2012-03-01
2012,3,North_America,0.829,2012-03-01
2012,3,Europe,1.02,2012-03-01
2012,3,Asia,0.738,2012-03-01
2012,4,Arctic,2.074,2012-04-01
2012,4,Northern_Hemisphere,0.756,2012-04-01
2012,4,Southern_Hemisphere,0.456,2012-04-01
2012,4,Tropics,0.408,2012-04-01
2012,4,North_America,0.83,2012-04-01
2012,4,Europe,1.07,2012-04-01
2012,4,Asia,0.764,2012-04-01
2012,5,Arctic,2.086,2012-05-01
2012,5,Northern_Hemisphere,0.747,2012-05-01
2012,5,Southern_Hemisphere,0.393,2012-05-01
2012,5,Tropics,0.365,2012-05-01
2012,5,North_America,0.848,2012-05-01
2012,5,Europe,0.96,2012-05-01
2012,5,Asia,0.659,2012-05-01
2012,6,Arctic,2.071,2012-06-01
2012,6,Northern_Hemisphere,0.794,2012-06-01
2012,6,Southern_Hemisphere,0.324,2012-06-01
2012,6,Tropics,0.273,2012-06-01
2012,6,North_America,0.808,2012-06-01
2012,6,Europe,0.952,2012-06-01
2012,6,Asia,0.692,2012-06-01
2012,7,Arctic,2.228,2012-07-01
2012,7,Northern_Hemisphere,0.789,2012-07-01
2012,7,Southern_Hemisphere,0.487,2012-07-01
2012,7,Tropics,0.317,2012-07-01
2012,7,North_America,0.882,2012-07-01
2012,7,Europe,0.977,2012-07-01
2012,7,Asia,0.836,2012-07-01
2012,8,Arctic,2.243,2012-08-01
2012,8,Northern_Hemisphere,0.743,2012-08-01
2012,8,Southern_Hemisphere,0.529,2012-08-01
2012,8,Tropics,0.408,2012-08-01
2012,8,North_America,0.997,2012-08-01
2012,8,Europe,1.04,2012-08-01
2012,8,Asia,0.725,2012-08-01
2012,9,Arctic,2.213,2012-09-01
2012,9,Northern_Hemisphere,0.775,2012-09-01
2012,9,Southern_Hemisphere,0.503,2012-09-01
2012,9,Tropics,0.402,2012-09-01
2012,9,North_America,0.872,2012-09-01
2012,9,Europe,1.072,2012-09-01
2012,9,Asia,0.768,2012-09-01
2012,10,Arctic,2.21,2012-10-01
2012,10,Northern_Hemisphere,0.838,2012-10-01
2012,10,Southern_Hemisphere,0.446,2012-10-01
2012,10,Tropics,0.438,2012-10-01
2012,10,North_America,0.839,2012-10-01
2012,10,Europe,0.991,2012-10-01
2012,10,Asia,0.778,2012-10-01
2012,11,Arctic,2.229,2012-11-01
2012,11,Northern_Hemisphere,0.85,2012-11-01
2012,11,Southern_Hemisphere,0.449,2012-11-01
2012,11,Tropics,0.416,2012-11-01
2012,11,North_America,0.884,2012-11-01
2012,11,Europe,0.969,2012-11-01
2012,11,Asia,0.822,2012-11-01
2012,12,Arctic,2.274,2012-12-01
2012,12,Northern_Hemisphere,0.831,2012-12-01
2012,12,Southern_Hemisphere,0.482,2012-12-01
2012,12,Tropics,0.468,2012-12-01
2012,12,North_America,0.965,2012-12-01
2012,12,Europe,1.093,2012-12-01
2012,12,Asia,0.846,2012-12-01
2013,1,Arctic,2.262,2013-01-01
2013,1,Northern_Hemisphere,0.87,2013-01-01
2013,1,Southern_Hemisphere,0.53,2013-01-01
2013,1,Tropics,0.473,2013-01-01
2013,1,North_America,1.007,2013-01-01
2013,1,Europe,1.113,2013-01-01
2013,1,Asia,0.792,2013-01-01
2013,2,Arctic,2.308,2013-02-01
2013,2,Northern_Hemisphere,0.862,2013-02-01
2013,2,Southern_Hemisphere,0.524,2013-02-01
2013,2,Tropics,0.427,2013-02-01
2013,2,North_America,0.951,2013-02-01
2013,2,Europe,1.167,2013-02-01
2013,2,Asia,0.826,2013-02-01
2013,3,Arctic,2.364,2013-03-01
2013,3,Northern_Hemisphere,0.882,2013-03-01
2013,3,Southern_Hemisphere,0.503,2013-03-01
2013,3,Tropics,0.41,2013-03-01
2013,3,North_America,0.995,2013-03-01
2013,3,Europe,1.121,2013-03-01
2013,3,Asia,0.826,2013-03-01
2013,4,Arctic,2.317,2013-04-01
2013,4,Northern_Hemisphere,0.809,2013-04-01
2013,4,Southern_Hemisphere,0.448,2013-04-01
2013,4,Tropics,0.432,2013-04-01
2013,4,North_America,0.992,2013-04-01
2013,4,Europe,1.025,2013-04-01
2013,4,Asia,0.902,2013-04-01
2013,5,Arctic,2.389,2013-05-01
2013,5,Northern_Hemisphere,0.924,2013-05-01
2013,5,Southern_Hemisphere,0.522,2013-05-01
2013,5,Tropics,0.376,2013-05-01
2013,5,North_America,1.069,2013-05-01
2013,5,Europe,1.169,2013-05-01
2013,5,Asia,0.842,2013-05-01
2013,6,Arctic,2.388,2013-06-01
2013,6,Northern_Hemisphere,0.835,2013-06-01
2013,6,Southern_Hemisphere,0.505,2013-06-01
2013,6,Tropics,0.461,2013-06-01
2013,6,North_America,0.977,2013-06-01
2013,6,Europe,1.12,2013-06-01
2013,6,Asia,0.808,2013-06-01
2013,7,Arctic,2.272,2013-07-01
2013,7,Northern_Hemisphere,0.917,2013-07-01
2013,7,Southern_Hemisphere,0.424,2013-07-01
2013,7,Tropics,0.412,2013-07-01
2013,7,North_America,0.964,2013-07-01
2013,7,Europe,1.148,2013-07-01
2013,7,Asia,0.795,2013-07-01
2013,8,Arctic,2.268,2013-08-01
2013,8,Northern_Hemisphere,0.837,2013-08-01
2013,8,Southern_Hemisphere,0.418,2013-08-01
2013,8,Tropics,0.425,2013-08-01
2013,8,North_America,0.931,2013-08-01
2013,8,Europe,1.068,2013-08-01
2013,8,Asia,0.889,2013-08-01
2013,9,Arctic,2.391,2013-09-01
2013,9,Northern_Hemisphere,0.824,2013-09-01
2013,9,Southern_Hemisphere,0.491,2013-09-01
2013,9,Tropics,0.418,2013-09-01
2013,9,North_America,1.003,2013-09-01
2013,9,Europe,1.079,2013-09-01
2013,9,Asia,0.85,2013-09-01
2013,10,Arctic,2.304,2013-10-01
2013,10,Northern_Hemisphere,0.915,2013-10-01
2013,10,Southern_Hemisphere,0.552,2013-10-01
2013,10,Tropics,0.43,2013-10-01
2013,10,North_America,0.916,2013-10-01
2013,10,Europe,1.145,2013-10-01
2013,10,Asia,0.823,2013-10-01
2013,11,Arctic,2.347,2013-11-01
2013,11,Northern_Hemisphere,0.823,2013-11-01
2013,11,Southern_Hemisphere,0.477,2013-11-01
2013,11,Tropics,0.406,2013-11-01
2013,11,North_America,0.949,2013-11-01
2013,11,Europe,1.1,2013-11-01
2013,11,Asia,0.857,2013-11-01
2013,12,Arctic,2.36,2013-12-01
2013,12,Northern_Hemisphere,0.937,2013-12-01
2013,12,Southern_Hemisphere,0.429,2013-12-01
2013,12,Tropics,0.481,2013-12-01
2013,12,North_America,1.016,2013-12-01
2013,12,Europe,1.053,2013-12-01
2013,12,Asia,0.77,2013-12-01
2014,1,Arctic,2.35,2014-01-01
2014,1,Northern_Hemisphere,0.889,2014-01-01
2014,1,Southern_Hemisphere,0.57,2014-01-01
2014,1,Tropics,0.466,2014-01-01
2014,1,North_America,1.01,2014-01-01
2014,1,Europe,1.166,2014-01-01
2014,1,Asia,0.891,2014-01-01
2014,2,Arctic,2.448,2014-02-01
2014,2,Northern_Hemisphere,0.922,2014-02-01
2014,2,Southern_Hemisphere,0.527,2014-02-01
2014,2,Tropics,0.457,2014-02-01
2014,2,North_America,1.008,2014-02-01
2014,2,Europe,1.156,2014-02-01
2014,2,Asia,0.916,2014-02-01
2014,3,Arctic,2.388,2014-03-01
2014,3,Northern_Hemisphere,0.9,2014-03-01
2014,3,Southern_Hemisphere,0.504,2014-03-01
2014,3,Tropics,0.544,2014-03-01
2014,3,North_America,0.982,2014-03-01
2014,3,Europe,1.237,2014-03-01
2014,3,Asia,0.888,2014-03-01
2014,4,Arctic,2.58,2014-04-01
2014,4,Northern_Hemisphere,0.9,2014-04-01
2014,4,Southern_Hemisphere,0.514,2014-04-01
2014,4,Tropics,0.518,2014-04-01
2014,4,North_America,1.081,2014-04-01
2014,4,Europe,1.174,2014-04-01
2014,4,Asia,0.915,2014-04-01
2014,5,Arctic,2.542,2014-05-01
2014,5,Northern_Hemisphere,0.965,2014-05-01
2014,5,Southern_Hemisphere,0.579,2014-05-01
2014,5,Tropics,0.45,2014-05-01
2014,5,North_America,1.024,2014-05-01
2014,5,Europe,1.165,2014-05-01
2014,5,Asia,0.831,2014-05-01
2014,6,Arctic,2.551,2014-06-01
2014,6,Northern_Hemisphere,0.93,2014-06-01
2014,6,Southern_Hemisphere,0.529,2014-06-01
2014,6,Tropics,0.497,2014-06-01
2014,6,North_America,1.065,2014-06-01
2014,6,Europe,1.25,2014-06-01
2014,6,Asia,0.924,2014-06-01
2014,7,Arctic,2.523,2014-07-01
2014,7,Northern_Hemisphere,0.914,2014-07-01
2014,7,Southern_Hemisphere,0.6,2014-07-01
2014,7,Tropics,0.437,2014-07-01
2014,7,North_America,1.089,2014-07-01
2014,7,Europe,1.211,2014-07-01
2014,7,Asia,0.924,2014-07-01
2014,8,Arctic,2.568,2014-08-01
2014,8,Northern_Hemisphere,0.9,2014-08-01
2014,8,Southern_Hemisphere,0.604,2014-08-01
2014,8,Tropics,0.473,2014-08-01
2014,8,North_America,1.018,2014-08-01
2014,8,Europe,1.172,2014-08-01
2014,8,Asia,0.899,2014-08-01
2014,9,Arctic,2.577,2014-09-01
2014,9,Northern_Hemisphere,0.873,2014-09-01
2014,9,Southern_Hemisphere,0.559,2014-09-01
2014,9,Tropics,0.459,2014-09-01
2014,9,North_America,1.119,2014-09-01
2014,9,Europe,1.125,2014-09-01
2014,9,Asia,0.862,2014-09-01
2014,10,Arctic,2.584,2014-10-01
2014,10,Northern_Hemisphere,0.962,2014-10-01
2014,10,Southern_Hemisphere,0.582,2014-10-01
2014,10,Tropics,0.453,2014-10-01
2014,10,North_America,1.074,2014-10-01
2014,10,Europe,1.172,2014-10-01
2014,10,Asia,0.88,2014-10-01
2014,11,Arctic,2.581,2014-11-01
2014,11,Northern_Hemisphere,1.005,2014-11-01
2014,11,Southern_Hemisphere,0.508,2014-11-01
2014,11,Tropics,0.464,2014-11-01
2014,11,North_America,1.048,2014-11-01
2014,11,Europe,1.152,2014-11-01
2014,11,Asia,0.882,2014-11-01
2014,12,Arctic,2.635,2014-12-01
2014,12,Northern_Hemisphere,0.968,2014-12-01
2014,12,Southern_Hemisphere,0.479,2014-12-01
2014,12,Tropics,0.435,2014-12-01
2014,12,North_America,1.082,2014-12-01
2014,12,Europe,1.175,2014-12-01
2014,12,Asia,0.894,2014-12-01
2015,1,Arctic,2.7,2015-01-01
2015,1,Northern_Hemisphere,0.991,2015-01-01
2015,1,Southern_Hemisphere,0.593,2015-01-01
2015,1,Tropics,0.48,2015-01-01
2015,1,North_America,1.073,2015-01-01
2015,1,Europe,1.255,2015-01-01
2015,1,Asia,0.927,2015-01-01
2015,2,Arctic,2.69,2015-02-01
2015,2,Northern_Hemisphere,0.996,2015-02-01
2015,2,Southern_Hemisphere,0.632,2015-02-01
2015,2,Tropics,0.498,2015-02-01
2015,2,North_America,1.18,2015-02-01
2015,2,Europe,1.242,2015-02-01
2015,2,Asia,0.96,2015-02-01
2015,3,Arctic,2.786,2015-03-01
2015,3,Northern_Hemisphere,1.103,2015-03-01
2015,3,Southern_Hemisphere,0.567,2015-03-01
2015,3,Tropics,0.5,2015-03-01
2015,3,North_America,1.108,2015-03-01
2015,3,Europe,1.289,2015-03-01
2015,3,Asia,1.033,2015-03-01
2015,4,Arctic,2.789,2015-04-01
2015,4,Northern_Hemisphere,1.107,2015-04-01
2015,4,Southern_Hemisphere,0.59,2015-04-01
2015,4,Tropics,0.469,2015-04-01
2015,4,North_America,1.164,2015-04-01
2015,4,Europe,1.405,2015-04-01
2015,4,Asia,1.021,2015-04-01
2015,5,Arctic,2.924,2015-05-01
2015,5,Northern_Hemisphere,1.102,2015-05-01
2015,5,Southern_Hemisphere,0.58,2015-05-01
2015,5,Tropics,0.533,2015-05-01
2015,5,North_America,1.11,2015-05-01
2015,5,Europe,1.378,2015-05-01
2015,5,Asia,1.04,2015-05-01
2015,6,Arctic,2.909,2015-06-01
2015,6,Northern_Hemisphere,1.083,2015-06-01
2015,6,Southern_Hemisphere,0.685,2015-06-01
2015,6,Tropics,0.627,2015-06-01
2015,6,North_America,1.247,2015-06-01
2015,6,Europe,1.37,2015-06-01
2015,6,Asia,1.046,2015-06-01
2015,7,Arctic,2.906,2015-07-01
2015,7,Northern_Hemisphere,1.085,2015-07-01
2015,7,Southern_Hemisphere,0.62,2015-07-01
2015,7,Tropics,0.491,2015-07-01
2015,7,North_America,1.222,2015-07-01
2015,7,Europe,1.39,2015-07-01
2015,7,Asia,1.072,2015-07-01
2015,8,Arctic,3.095,2015-08-01
2015,8,Northern_Hemisphere,1.196,2015-08-01
2015,8,Southern_Hemisphere,0.81,2015-08-01
2015,8,Tropics,0.742,2015-08-01
2015,8,North_America,1.451,2015-08-01
2015,8,Europe,1.532,2015-08-01
2015,8,Asia,1.123,2015-08-01
2015,9,Arctic,3.246,2015-09-01
2015,9,Northern_Hemisphere,1.237,2015-09-01
2015,9,Southern_Hemisphere,0.819,2015-09-01
2015,9,Tropics,0.668,2015-09-01
2015,9,North_America,1.399,2015-09-01
2015,9,Europe,1.507,2015-09-01
2015,9,Asia,1.227,2015-09-01
2015,10,Arctic,3.222,2015-10-01
2015,10,Northern_Hemisphere,1.234,2015-10-01
2015,10,Southern_Hemisphere,0.782,2015-10-01
2015,10,Tropics,0.65,2015-10-01
2015,10,North_America,1.442,2015-10-01
2015,10,Europe,1.579,2015-10-01
2015,10,Asia,1.19,2015-10-01
2015,11,Arctic,3.204,2015-11-01
2015,11,Northern_Hemisphere,1.295,2015-11-01
2015,11,Southern_Hemisphere,0.818,2015-11-01
2015,11,Tropics,0.745,2015-11-01
2015,11,North_America,1.46,2015-11-01
2015,11,Europe,1.561,2015-11-01
2015,11,Asia,1.224,2015-11-01
2015,12,Arctic,3.263,2015-12-01
2015,12,Northern_Hemisphere,1.357,2015-12-01
2015,12,Southern_Hemisphere,0.914,2015-12-01
2015,12,Tropics,0.713,2015-12-01
2015,12,North_America,1.455,2015-12-01
2015,12,Europe,1.708,2015-12-01
2015,12,Asia,1.299,2015-12-01
2016,1,Arctic,3.383,2016-01-01
2016,1,Northern_Hemisphere,1.332,2016-01-01
2016,1,Southern_Hemisphere,0.782,2016-01-01
2016,1,Tropics,0.722,2016-01-01
2016,1,North_America,1.478,2016-01-01
2016,1,Europe,1.632,2016-01-01
2016,1,Asia,1.24,2016-01-01
2016,2,Arctic,3.425,2016-02-01
2016,2,Northern_Hemisphere,1.392,2016-02-01
2016,2,Southern_Hemisphere,0.922,2016-02-01
2016,2,Tropics,0.81,2016-02-01
2016,2,North_America,1.573,2016-02-01
2016,2,Europe,1.635,2016-02-01
2016,2,Asia,1.34,2016-02-01
2016,3,Arctic,3.443,2016-03-01
2016,3,Northern_Hemisphere,1.321,2016-03-01
2016,3,Southern_Hemisphere,0.872,2016-03-01
2016,3,Tropics,0.835,2016-03-01
2016,3,North_America,1.523,2016-03-01
2016,3,Europe,1.671,2016-03-01
2016,3,Asia,1.294,2016-03-01
2016,4,Arctic,3.476,2016-04-01
2016,4,Northern_Hemisphere,1.397,2016-04-01
2016,4,Southern_Hemisphere,0.871,2016-04-01
2016,4,Tropics,0.75,2016-04-01
2016,4,North_America,1.555,2016-04-01
2016,4,Europe,1.718,2016-04-01
2016,4,Asia,1.32,2016-04-01
2016,5,Arctic,3.499,2016-05-01
2016,5,Northern_Hemisphere,1.389,2016-05-01
2016,5,Southern_Hemisphere,0.867,2016-05-01
2016,5,Tropics,0.766,2016-05-01
2016,5,North_America,1.572,2016-05-01
2016,5,Europe,1.799,2016-05-01
2016,5,Asia,1.36,2016-05-01
2016,6,Arctic,3.478,2016-06-01
2016,6,Northern_Hemisphere,1.508,2016-06-01
2016,6,Southern_Hemisphere,0.818,2016-06-01
2016,6,Tropics,0.779,2016-06-01
2016,6,North_America,1.567,2016-06-01
2016,6,Europe,1.71,2016-06-01
2016,6,Asia,1.319,2016-06-01
2016,7,Arctic,3.417,2016-07-01
2016,7,Northern_Hemisphere,1.292,2016-07-01
2016,7,Southern_Hemisphere,0.754,2016-07-01
2016,7,Tropics,0.661,2016-07-01
2016,7,North_America,1.423,2016-07-01
2016,7,Europe,1.551,2016-07-01
2016,7,Asia,1.177,2016-07-01
2016,8,Arctic,3.357,2016-08-01
2016,8,Northern_Hemisphere,1.241,2016-08-01
2016,8,Southern_Hemisphere,0.663,2016-08-01
2016,8,Tropics,0.626,2016-08-01
2016,8,North_America,1.397,2016-08-01
2016,8,Europe,1.544,2016-08-01
2016,8,Asia,1.248,2016-08-01
2016,9,Arctic,3.41,2016-09-01
2016,9,Northern_Hemisphere,1.277,2016-09-01
2016,9,Southern_Hemisphere,0.739,2016-09-01
2016,9,Tropics,0.662,2016-09-01
2016,9,North_America,1.409,2016-09-01
2016,9,Europe,1.632,2016-09-01
2016,9,Asia,1.252,2016-09-01
2016,10,Arctic,3.54,2016-10-01
2016,10,Northern_Hemisphere,1.326,2016-10-01
2016,10,Southern_Hemisphere,0.657,2016-10-01
2016,10,Tropics,0.635,2016-10-01
2016,10,North_America,1.381,2016-10-01
2016,10,Europe,1.641,2016-10-01
2016,10,Asia,1.202,2016-10-01
2016,11,Arctic,3.467,2016-11-01
2016,11,Northern_Hemisphere,1.328,2016-11-01
2016,11,Southern_Hemisphere,0.77,2016-11-01
2016,11,Tropics,0.678,2016-11-01
2016,11,North_America,1.444,2016-11-01
2016,11,Europe,1.654,2016-11-01
2016,11,Asia,1.2,2016-11-01
2016,12,Arctic,3.571,2016-12-01
2016,12,Northern_Hemisphere,1.247,2016-12-01
2016,12,Southern_Hemisphere,0.733,2016-12-01
2016,12,Tropics,0.621,2016-12-01
2016,12,North_America,1.419,2016-12-01
2016,12,Europe,1.661,2016-12-01
2016,12,Asia,1.266,2016-12-01
2017,1,Arctic,3.398,2017-01-01
2017,1,Northern_Hemisphere,1.291,2017-01-01
2017,1,Southern_Hemisphere,0.795,2017-01-01
2017,1,Tropics,0.644,2017-01-01
2017,1,North_America,1.377,2017-01-01
2017,1,Europe,1.692,2017-01-01
2017,1,Asia,1.222,2017-01-01
2017,2,Arctic,3.469,2017-02-01
2017,2,Northern_Hemisphere,1.274,2017-02-01
2017,2,Southern_Hemisphere,0.702,2017-02-01
2017,2,Tropics,0.64,2017-02-01
2017,2,North_America,1.444,2017-02-01
2017,2,Europe,1.631,2017-02-01
2017,2,Asia,1.23,2017-02-01
2017,3,Arctic,3.457,2017-03-01
2017,3,Northern_Hemisphere,1.323,2017-03-01
2017,3,Southern_Hemisphere,0.796,2017-03-01
2017,3,Tropics,0.783,2017-03-01
2017,3,North_America,1.469,2017-03-01
2017,3,Europe,1.607,2017-03-01
2017,3,Asia,1.232,2017-03-01
2017,4,Arctic,3.494,2017-04-01
2017,4,Northern_Hemisphere,1.288,2017-04-01
2017,4,Southern_Hemisphere,0.801,2017-04-01
2017,4,Tropics,0.593,2017-04-01
2017,4,North_America,1.448,2017-04-01
2017,4,Europe,1.674,2017-04-01
2017,4,Asia,1.269,2017-04-01
2017,5,Arctic,3.423,2017-05-01
2017,5,Northern_Hemisphere,1.206,2017-05-01
2017,5,Southern_Hemisphere,0.749,2017-05-01
2017,5,Tropics,0.64,2017-05-01
2017,5,North_America,1.385,2017-05-01
2017,5,Europe,1.608,2017-05-01
2017,5,Asia,1.301,2017-05-01
2017,6,Arctic,3.398,2017-06-01
2017,6,Northern_Hemisphere,1.286,2017-06-01
2017,6,Southern_Hemisphere,0.736,2017-06-01
2017,6,Tropics,0.67,2017-06-01
2017,6,North_America,1.396,2017-06-01
2017,6,Europe,1.578,2017-06-01
2017,6,Asia,1.176,2017-06-01
2017,7,Arctic,3.361,2017-07-01
2017,7,Northern_Hemisphere,1.264,2017-07-01
2017,7,Southern_Hemisphere,0.719,2017-07-01
2017,7,Tropics,0.635,2017-07-01
2017,7,North_America,1.378,2017-07-01
2017,7,Europe,1.521,2017-07-01
2017,7,Asia,1.197,2017-07-01
2017,8,Arctic,3.277,2017-08-01
2017,8,Northern_Hemisphere,1.234,2017-08-01
2017,8,Southern_Hemisphere,0.778,2017-08-01
2017,8,Tropics,0.605,2017-08-01
2017,8,North_America,1.367,2017-08-01
2017,8,Europe,1.496,2017-08-01
2017,8,Asia,1.135,2017-08-01
2017,9,Arctic,3.305,2017-09-01
2017,9,Northern_Hemisphere,1.172,2017-09-01
2017,9,Southern_Hemisphere,0.615,2017-09-01
2017,9,Tropics,0.611,2017-09-01
2017,9,North_America,1.321,2017-09-01
2017,9,Europe,1.477,2017-09-01
2017,9,Asia,1.189,2017-09-01
2017,10,Arctic,3.165,2017-10-01
2017,10,Northern_Hemisphere,1.201,2017-10-01
2017,10,Southern_Hemisphere,0.637,2017-10-01
2017,10,Tropics,0.592,2017-10-01
2017,10,North_America,1.341,2017-10-01
2017,10,Europe,1.523,2017-10-01
2017,10,Asia,1.191,2017-10-01
2017,11,Arctic,3.244,2017-11-01
2017,11,Northern_Hemisphere,1.263,2017-11-01
2017,11,Southern_Hemisphere,0.614,2017-11-01
2017,11,Tropics,0.572,2017-11-01
2017,11,North_America,1.276,2017-11-01
2017,11,Europe,1.487,2017-11-01
2017,11,Asia,1.131,2017-11-01
2017,12,Arctic,3.213,2017-12-01
2017,12,Northern_Hemisphere,1.23,2017-12-01
2017,12,Southern_Hemisphere,0.663,2017-12-01
2017,12,Tropics,0.566,2017-12-01
2017,12,North_America,1.261,2017-12-01
2017,12,Europe,1.586,2017-12-01
2017,12,Asia,1.198,2017-12-01
2018,1,Arctic,3.19,2018-01-01
2018,1,Northern_Hemisphere,1.192,2018-01-01
2018,1,Southern_Hemisphere,0.633,2018-01-01
2018,1,Tropics,0.614,2018-01-01
2018,1,North_America,1.38,2018-01-01
2018,1,Europe,1.565,2018-01-01
2018,1,Asia,1.081,2018-01-01
2018,2,Arctic,3.136,2018-02-01
2018,2,Northern_Hemisphere,1.105,2018-02-01
2018,2,Southern_Hemisphere,0.737,2018-02-01
2018,2,Tropics,0.58,2018-02-01
2018,2,North_America,1.366,2018-02-01
2018,2,Europe,1.543,2018-02-01
2018,2,Asia,1.174,2018-02-01
2018,3,Arctic,3.128,2018-03-01
2018,3,Northern_Hemisphere,1.18,2018-03-01
2018,3,Southern_Hemisphere,0.752,2018-03-01
2018,3,Tropics,0.644,2018-03-01
2018,3,North_America,1.317,2018-03-01
2018,3,Europe,1.497,2018-03-01
2018,3,Asia,1.171,2018-03-01
2018,4,Arctic,3.152,2018-04-01
2018,4,Northern_Hemisphere,1.208,2018-04-01
2018,4,Southern_Hemisphere,0.713,2018-04-01
2018,4,Tropics,0.578,2018-04-01
2018,4,North_America,1.335,2018-04-01
2018,4,Europe,1.518,2018-04-01
2018,4,Asia,1.141,2018-04-01
2018,5,Arctic,3.123,2018-05-01
2018,5,Northern_Hemisphere,1.139,2018-05-01
2018,5,Southern_Hemisphere,0.701,2018-05-01
2018,5,Tropics,0.535,2018-05-01
2018,5,North_America,1.372,2018-05-01
2018,5,Europe,1.54,2018-05-01
2018,5,Asia,1.15,2018-05-01
2018,6,Arctic,3.142,2018-06-01
2018,6,Northern_Hemisphere,1.168,2018-06-01
2018,6,Southern_Hemisphere,0.668,2018-06-01
2018,6,Tropics,0.575,2018-06-01
2018,6,North_America,1.358,2018-06-01
2018,6,Europe,1.44,2018-06-01
2018,6,Asia,1.087,2018-06-01
2018,7,Arctic,3.115,2018-07-01
2018,7,Northern_Hemisphere,1.135,2018-07-01
2018,7,Southern_Hemisphere,0.683,2018-07-01
2018,7,Tropics,0.6,2018-07-01
2018,7,North_America,1.225,2018-07-01
2018,7,Europe,1.506,2018-07-01
2018,7,Asia,1.128,2018-07-01
2018,8,Arctic,3.076,2018-08-01
2018,8,Northern_Hemisphere,1.14,2018-08-01
2018,8,Southern_Hemisphere,0.621,2018-08-01
2018,8,Tropics,0.571,2018-08-01
2018,8,North_America,1.279,2018-08-01
2018,8,Europe,1.457,2018-08-01
2018,8,Asia,1.085,2018-08-01
2018,9,Arctic,2.978,2018-09-01
2018,9,Northern_Hemisphere,1.078,2018-09-01
2018,9,Southern_Hemisphere,0.631,2018-09-01
2018,9,Tropics,0.619,2018-09-01
2018,9,North_America,1.225,2018-09-01
2018,9,Europe,1.397,2018-09-01
2018,9,Asia,0.996,2018-09-01
2018,10,Arctic,2.94,2018-10-01
2018,10,Northern_Hemisphere,1.103,2018-10-01
2018,10,Southern_Hemisphere,0.56,2018-10-01
2018,10,Tropics,0.572,2018-10-01
2018,10,North_America,1.255,2018-10-01
2018,10,Europe,1.379,2018-10-01
2018,10,Asia,0.983,2018-10-01
2018,11,Arctic,2.992,2018-11-01
2018,11,Northern_Hemisphere,1.108,2018-11-01
2018,11,Southern_Hemisphere,0.589,2018-11-01
2018,11,Tropics,0.536,2018-11-01
2018,11,North_America,1.225,2018-11-01
2018,11,Europe,1.444,2018-11-01
2018,11,Asia,1.081,2018-11-01
2018,12,Arctic,2.958,2018-12-01
2018,12,Northern_Hemisphere,1.084,2018-12-01
2018,12,Southern_Hemisphere,0.637,2018-12-01
2018,12,Tropics,0.48,2018-12-01
2018,12,North_America,1.219,2018-12-01
2018,12,Europe,1.382,2018-12-01
2018,12,Asia,1.109,2018-12-01
2019,1,Arctic,3.071,2019-01-01
2019,1,Northern_Hemisphere,1.153,2019-01-01
2019,1,Southern_Hemisphere,0.671,2019-01-01
2019,1,Tropics,0.55,2019-01-01
2019,1,North_America,1.212,2019-01-01
2019,1,Europe,1.421,2019-01-01
2019,1,Asia,1.059,2019-01-01
2019,2,Arctic,3.063,2019-02-01
2019,2,Northern_Hemisphere,1.074,2019-02-01
2019,2,Southern_Hemisphere,0.684,2019-02-01
2019,2,Tropics,0.6,2019-02-01
2019,2,North_America,1.22,2019-02-01
2019,2,Europe,1.407,2019-02-01
2019,2,Asia,1.073,2019-02-01
2019,3,Arctic,3.11,2019-03-01
2019,3,Northern_Hemisphere,1.122,2019-03-01
2019,3,Southern_Hemisphere,0.63,2019-03-01
2019,3,Tropics,0.696,2019-03-01
2019,3,North_America,1.325,2019-03-01
2019,3,Europe,1.395,2019-03-01
2019,3,Asia,1.171,2019-03-01
2019,4,Arctic,3.103,2019-04-01
2019,4,Northern_Hemisphere,1.179,2019-04-01
2019,4,Southern_Hemisphere,0.66,2019-04-01
2019,4,Tropics,0.621,2019-04-01
2019,4,North_America,1.308,2019-04-01
2019,4,Europe,1.488,2019-04-01
2019,4,Asia,1.155,2019-04-01
2019,5,Arctic,3.149,2019-05-01
2019,5,Northern_Hemisphere,1.223,2019-05-01
2019,5,Southern_Hemisphere,0.713,2019-05-01
2019,5,Tropics,0.607,2019-05-01
2019,5,North_America,1.365,2019-05-01
2019,5,Europe,1.505,2019-05-01
2019,5,Asia,1.156,2019-05-01
2019,6,Arctic,3.182,2019-06-01
2019,6,Northern_Hemisphere,1.313,2019-06-01
2019,6,Southern_Hemisphere,0.699,2019-06-01
2019,6,Tropics,0.585,2019-06-01
2019,6,North_America,1.31,2019-06-01
2019,6,Europe,1.456,2019-06-01
2019,6,Asia,1.085,2019-06-01
2019,7,Arctic,3.173,2019-07-01
2019,7,Northern_Hemisphere,1.174,2019-07-01
2019,7,Southern_Hemisphere,0.683,2019-07-01
2019,7,Tropics,0.594,2019-07-01
2019,7,North_America,1.333,2019-07-01
2019,7,Europe,1.519,2019-07-01
2019,7,Asia,1.173,2019-07-01
2019,8,Arctic,3.28,2019-08-01
2019,8,Northern_Hemisphere,1.205,2019-08-01
2019,8,Southern_Hemisphere,0.729,2019-08-01
2019,8,Tropics,0.636,2019-08-01
2019,8,North_America,1.33,2019-08-01
2019,8,Europe,1.552,2019-08-01
2019,8,Asia,1.204,2019-08-01
2019,9,Arctic,3.296,2019-09-01
2019,9,Northern_Hemisphere,1.23,2019-09-01
2019,9,Southern_Hemisphere,0.656,2019-09-01
2019,9,Tropics,0.672,2019-09-01
2019,9,North_America,1.344,2019-09-01
2019,9,Europe,1.617,2019-09-01
2019,9,Asia,1.148,2019-09-01
2019,10,Arctic,3.275,2019-10-01
2019,10,Northern_Hemisphere,1.159,2019-10-01
2019,10,Southern_Hemisphere,0.732,2019-10-01
2019,10,Tropics,0.59,2019-10-01
2019,10,North_America,1.361,2019-10-01
2019,10,Europe,1.6,2019-10-01
2019,10,Asia,1.145,2019-10-01
2019,11,Arctic,3.386,2019-11-01
2019,11,Northern_Hemisphere,1.222,2019-11-01
2019,11,Southern_Hemisphere,0.756,2019-11-01
2019,11,Tropics,0.61,2019-11-01
2019,11,North_America,1.451,2019-11-01
2019,11,Europe,1.62,2019-11-01
2019,11,Asia,1.192,2019-11-01
2019,12,Arctic,3.454,2019-12-01
2019,12,Northern_Hemisphere,1.273,2019-12-01
2019,12,Southern_Hemisphere,0.686,2019-12-01
2019,12,Tropics,0.62,2019-12-01
2019,12,North_America,1.468,2019-12-01
2019,12,Europe,1.63,2019-12-01
2019,12,Asia,1.202,2019-12-01
2020,1,Arctic,3.454,2020-01-01
2020,1,Northern_Hemisphere,1.282,2020-01-01
2020,1,Southern_Hemisphere,0.734,2020-01-01
2020,1,Tropics,0.674,2020-01-01
2020,1,North_America,1.45,2020-01-01
2020,1,Europe,1.568,2020-01-01
2020,1,Asia,1.233,2020-01-01
2020,2,Arctic,3.447,2020-02-01
2020,2,Northern_Hemisphere,1.244,2020-02-01
2020,2,Southern_Hemisphere,0.703,2020-02-01
2020,2,Tropics,0.583,2020-02-01
2020,2,North_America,1.458,2020-02-01
2020,2,Europe,1.651,2020-02-01
2020,2,Asia,1.244,2020-02-01
2020,3,Arctic,3.431,2020-03-01
2020,3,Northern_Hemisphere,1.259,2020-03-01
2020,3,Southern_Hemisphere,0.708,2020-03-01
2020,3,Tropics,0.641,2020-03-01
2020,3,North_America,1.466,2020-03-01
2020,3,Europe,1.621,2020-03-01
2020,3,Asia,1.216,2020-03-01
2020,4,Arctic,3.448,2020-04-01
2020,4,Northern_Hemisphere,1.218,2020-04-01
2020,4,Southern_Hemisphere,0.79,2020-04-01
2020,4,Tropics,0.611,2020-04-01
2020,4,North_America,1.435,2020-04-01
2020,4,Europe,1.685,2020-04-01
2020,4,Asia,1.201,2020-04-01
2020,5,Arctic,3.442,2020-05-01
2020,5,Northern_Hemisphere,1.271,2020-05-01
2020,5,Southern_Hemisphere,0.819,2020-05-01
2020,5,Tropics,0.646,2020-05-01
2020,5,North_America,1.373,2020-05-01
2020,5,Europe,1.649,2020-05-01
2020,5,Asia,1.272,2020-05-01
2020,6,Arctic,3.466,2020-06-01
2020,6,Northern_Hemisphere,1.311,2020-06-01
2020,6,Southern_Hemisphere,0.792,2020-06-01
2020,6,Tropics,0.603,2020-06-01
2020,6,North_America,1.418,2020-06-01
2020,6,Europe,1.674,2020-06-01
2020,6,Asia,1.276,2020-06-01
2020,7,Arctic,3.514,2020-07-01
2020,7,Northern_Hemisphere,1.309,2020-07-01
2020,7,Southern_Hemisphere,0.719,2020-07-01
2020,7,Tropics,0.702,2020-07-01
2020,7,North_America,1.507,2020-07-01
2020,7,Europe,1.653,2020-07-01
2020,7,Asia,1.225,2020-07-01
2020,8,Arctic,3.414,2020-08-01
2020,8,Northern_Hemisphere,1.168,2020-08-01
2020,8,Southern_Hemisphere,0.62,2020-08-01
2020,8,Tropics,0.597,2020-08-01
2020,8,North_America,1.37,2020-08-01
2020,8,Europe,1.541,2020-08-01
2020,8,Asia,1.109,2020-08-01
2020,9,Arctic,3.355,2020-09-01
2020,9,Northern_Hemisphere,1.205,2020-09-01
2020,9,Southern_Hemisphere,0.613,2020-09-01
2020,9,Tropics,0.552,2020-09-01
2020,9,North_America,1.377,2020-09-01
2020,9,Europe,1.562,2020-09-01
2020,9,Asia,1.131,2020-09-01
2020,10,Arctic,3.382,2020-10-01
2020,10,Northern_Hemisphere,1.245,2020-10-01
2020,10,Southern_Hemisphere,0.651,2020-10-01
2020,10,Tropics,0.526,2020-10-01
2020,10,North_America,1.373,2020-10-01
2020,10,Europe,1.592,2020-10-01
2020,10,Asia,1.121,2020-10-01
2020,11,Arctic,3.452,2020-11-01
2020,11,Northern_Hemisphere,1.262,2020-11-01
2020,11,Southern_Hemisphere,0.632,2020-11-01
2020,11,Tropics,0.51,2020-11-01
2020,11,North_America,1.371,2020-11-01
2020,11,Europe,1.588,2020-11-01
2020,11,Asia,1.16,2020-11-01
2020,12,Arctic,3.447,2020-12-01
2020,12,Northern_Hemisphere,1.224,2020-12-01
2020,12,Southern_Hemisphere,0.601,2020-12-01
2020,12,Tropics,0.518,2020-12-01
2020,12,North_America,1.343,2020-12-01
2020,12,Europe,1.566,2020-12-01
2020,12,Asia,1.116,2020-12-01
2021,1,Arctic,3.39,2021-01-01
2021,1,Northern_Hemisphere,1.295,2021-01-01
2021,1,Southern_Hemisphere,0.626,2021-01-01
2021,1,Tropics,0.557,2021-01-01
2021,1,North_America,1.357,2021-01-01
2021,1,Europe,1.521,2021-01-01
2021,1,Asia,1.15,2021-01-01
2021,2,Arctic,3.415,2021-02-01
2021,2,Northern_Hemisphere,1.214,2021-02-01
2021,2,Southern_Hemisphere,0.676,2021-02-01
2021,2,Tropics,0.589,2021-02-01
2021,2,North_America,1.371,2021-02-01
2021,2,Europe,1.555,2021-02-01
2021,2,Asia,1.123,2021-02-01
2021,3,Arctic,3.308,2021-03-01
2021,3,Northern_Hemisphere,1.185,2021-03-01
2021,3,Southern_Hemisphere,0.642,2021-03-01
2021,3,Tropics,0.547,2021-03-01
2021,3,North_America,1.287,2021-03-01
2021,3,Europe,1.427,2021-03-01
2021,3,Asia,1.124,2021-03-01
2021,4,Arctic,3.296,2021-04-01
2021,4,Northern_Hemisphere,1.214,2021-04-01
2021,4,Southern_Hemisphere,0.61,2021-04-01
2021,4,Tropics,0.529,2021-04-01
2021,4,North_America,1.408,2021-04-01
2021,4,Europe,1.479,2021-04-01
2021,4,Asia,1.147,2021-04-01
2021,5,Arctic,3.259,2021-05-01
2021,5,Northern_Hemisphere,1.174,2021-05-01
2021,5,Southern_Hemisphere,0.598,2021-05-01
2021,5,Tropics,0.521,2021-05-01
2021,5,North_America,1.198,2021-05-01
2021,5,Europe,1.543,2021-05-01
2021,5,Asia,1.127,2021-05-01
2021,6,Arctic,3.151,2021-06-01
2021,6,Northern_Hemisphere,1.171,2021-06-01
2021,6,Southern_Hemisphere,0.583,2021-06-01
2021,6,Tropics,0.492,2021-06-01
2021,6,North_America,1.226,2021-06-01
2021,6,Europe,1.483,2021-06-01
2021,6,Asia,1.119,2021-06-01
2021,7,Arctic,3.165,2021-07-01
2021,7,Northern_Hemisphere,1.112,2021-07-01
2021,7,Southern_Hemisphere,0.549,2021-07-01
2021,7,Tropics,0.554,2021-07-01
2021,7,North_America,1.195,2021-07-01
2021,7,Europe,1.414,2021-07-01
2021,7,Asia,1.063,2021-07-01
2021,8,Arctic,3.068,2021-08-01
2021,8,Northern_Hemisphere,1.064,2021-08-01
2021,8,Southern_Hemisphere,0.554,2021-08-01
2021,8,Tropics,0.494,2021-08-01
2021,8,North_America,1.177,2021-08-01
2021,8,Europe,1.401,2021-08-01
2021,8,Asia,1.066,2021-08-01
2021,9,Arctic,3.027,2021-09-01
2021,9,Northern_Hemisphere,1.034,2021-09-01
2021,9,Southern_Hemisphere,0.506,2021-09-01
2021,9,Tropics,0.459,2021-09-01
2021,9,North_America,1.219,2021-09-01
2021,9,Europe,1.358,2021-09-01
2021,9,Asia,0.955,2021-09-01
2021,10,Arctic,2.87,2021-10-01
2021,10,Northern_Hemisphere,1.07,2021-10-01
2021,10,Southern_Hemisphere,0.482,2021-10-01
2021,10,Tropics,0.45,2021-10-01
2021,10,North_America,1.17,2021-10-01
2021,10,Europe,1.3,2021-10-01
2021,10,Asia,1.018,2021-10-01
2021,11,Arctic,2.958,2021-11-01
2021,11,Northern_Hemisphere,1.017,2021-11-01
2021,11,Southern_Hemisphere,0.449,2021-11-01
2021,11,Tropics,0.412,2021-11-01
2021,11,North_America,1.157,2021-11-01
2021,11,Europe,1.364,2021-11-01
2021,11,Asia,0.963,2021-11-01
2021,12,Arctic,2.866,2021-12-01
2021,12,Northern_Hemisphere,1.017,2021-12-01
2021,12,Southern_Hemisphere,0.523,2021-12-01
2021,12,Tropics,0.491,2021-12-01
2021,12,North_America,1.191,2021-12-01
2021,12,Europe,1.357,2021-12-01
2021,12,Asia,1.083,2021-12-01
2022,1,Arctic,2.903,2022-01-01
2022,1,Northern_Hemisphere,0.983,2022-01-01
2022,1,Southern_Hemisphere,0.587,2022-01-01
2022,1,Tropics,0.416,2022-01-01
2022,1,North_America,1.187,2022-01-01
2022,1,Europe,1.316,2022-01-01
2022,1,Asia,0.964,2022-01-01
2022,2,Arctic,2.867,2022-02-01
2022,2,Northern_Hemisphere,1.033,2022-02-01
2022,2,Southern_Hemisphere,0.561,2022-02-01
2022,2,Tropics,0.442,2022-02-01
2022,2,North_America,1.142,2022-02-01
2022,2,Europe,1.343,2022-02-01
2022,2,Asia,0.949,2022-02-01
2022,3,Arctic,2.987,2022-03-01
2022,3,Northern_Hemisphere,1.047,2022-03-01
2022,3,Southern_Hemisphere,0.544,2022-03-01
2022,3,Tropics,0.449,2022-03-01
2022,3,North_America,1.132,2022-03-01
2022,3,Europe,1.382,2022-03-01
2022,3,Asia,0.941,2022-03-01
2022,4,Arctic,2.957,2022-04-01
2022,4,Northern_Hemisphere,1.073,2022-04-01
2022,4,Southern_Hemisphere,0.552,2022-04-01
2022,4,Tropics,0.537,2022-04-01
2022,4,North_America,1.204,2022-04-01
2022,4,Europe,1.328,2022-04-01
2022,4,Asia,0.971,2022-04-01
2022,5,Arctic,2.933,2022-05-01
2022,5,Northern_Hemisphere,1.009,2022-05-01
2022,5,Southern_Hemisphere,0.57,2022-05-01
2022,5,Tropics,0.47,2022-05-01
2022,5,North_America,1.241,2022-05-01
2022,5,Europe,1.329,2022-05-01
2022,5,Asia,0.972,2022-05-01
2022,6,Arctic,2.965,2022-06-01
2022,6,Northern_Hemisphere,1.054,2022-06-01
2022,6,Southern_Hemisphere,0.576,2022-06-01
2022,6,Tropics,0.477,2022-06-01
2022,6,North_America,1.17,2022-06-01
2022,6,Europe,1.37,2022-06-01
2022,6,Asia,0.96,2022-06-01
2022,7,Arctic,2.896,2022-07-01
2022,7,Northern_Hemisphere,0.998,2022-07-01
2022,7,Southern_Hemisphere,0.597,2022-07-01
2022,7,Tropics,0.49,2022-07-01
2022,7,North_America,1.24,2022-07-01
2022,7,Europe,1.402,2022-07-01
2022,7,Asia,1.015,2022-07-01
2022,8,Arctic,2.959,2022-08-01
2022,8,Northern_Hemisphere,0.948,2022-08-01
2022,8,Southern_Hemisphere,0.544,2022-08-01
2022,8,Tropics,0.437,2022-08-01
2022,8,North_America,1.125,2022-08-01
2022,8,Europe,1.353,2022-08-01
2022,8,Asia,0.978,2022-08-01
2022,9,Arctic,2.922,2022-09-01
2022,9,Northern_Hemisphere,1.06,2022-09-01
2022,9,Southern_Hemisphere,0.525,2022-09-01
2022,9,Tropics,0.469,2022-09-01
2022,9,North_America,1.144,2022-09-01
2022,9,Europe,1.247,2022-09-01
2022,9,Asia,1.001,2022-09-01
2022,10,Arctic,2.909,2022-10-01
2022,10,Northern_Hemisphere,0.983,2022-10-01
2022,10,Southern_Hemisphere,0.578,2022-10-01
2022,10,Tropics,0.394,2022-10-01
2022,10,North_America,1.142,2022-10-01
2022,10,Europe,1.415,2022-10-01
2022,10,Asia,1.003,2022-10-01
2022,11,Arctic,2.975,2022-11-01
2022,11,Northern_Hemisphere,0.97,2022-11-01
2022,11,Southern_Hemisphere,0.555,2022-11-01
2022,11,Tropics,0.416,2022-11-01
2022,11,North_America,1.122,2022-11-01
2022,11,Europe,1.348,2022-11-01
2022,11,Asia,0.951,2022-11-01
2022,12,Arctic,2.978,2022-12-01
2022,12,Northern_Hemisphere,1.044,2022-12-01
2022,12,Southern_Hemisphere,0.536,2022-12-01
2022,12,Tropics,0.466,2022-12-01
2022,12,North_America,1.238,2022-12-01
2022,12,Europe,1.388,2022-12-01
2022,12,Asia,0.996,2022-12-01
2023,1,Arctic,3.213,2023-01-01
2023,1,Northern_Hemisphere,1.234,2023-01-01
2023,1,Southern_Hemisphere,0.628,2023-01-01
2023,1,Tropics,0.554,2023-01-01
2023,1,North_America,1.332,2023-01-01
2023,1,Europe,1.5,2023-01-01
2023,1,Asia,1.14,2023-01-01
2023,2,Arctic,3.368,2023-02-01
2023,2,Northern_Hemisphere,1.212,2023-02-01
2023,2,Southern_Hemisphere,0.657,2023-02-01
2023,2,Tropics,0.633,2023-02-01
2023,2,North_America,1.368,2023-02-01
2023,2,Europe,1.561,2023-02-01
2023,2,Asia,1.199,2023-02-01
2023,3,Arctic,3.343,2023-03-01
2023,3,Northern_Hemisphere,1.21,2023-03-01
2023,3,Southern_Hemisphere,0.76,2023-03-01
2023,3,Tropics,0.616,2023-03-01
2023,3,North_America,1.385,2023-03-01
2023,3,Europe,1.615,2023-03-01
2023,3,Asia,1.26,2023-03-01
2023,4,Arctic,3.459,2023-04-01
2023,4,Northern_Hemisphere,1.395,2023-04-01
2023,4,Southern_Hemisphere,0.769,2023-04-01
2023,4,Tropics,0.73,2023-04-01
2023,4,North_America,1.418,2023-04-01
2023,4,Europe,1.652,2023-04-01
2023,4,Asia,1.279,2023-04-01
2023,5,Arctic,3.555,2023-05-01
2023,5,Northern_Hemisphere,1.327,2023-05-01
2023,5,Southern_Hemisphere,0.839,2023-05-01
2023,5,Tropics,0.688,2023-05-01
2023,5,North_America,1.546,2023-05-01
2023,5,Europe,1.648,2023-05-01
2023,5,Asia,1.288,2023-05-01
2023,6,Arctic,3.623,2023-06-01
2023,6,Northern_Hemisphere,1.289,2023-06-01
2023,6,Southern_Hemisphere,0.73,2023-06-01
2023,6,Tropics,0.651,2023-06-01
2023,6,North_America,1.533,2023-06-01
2023,6,Europe,1.672,2023-06-01
2023,6,Asia,1.287,2023-06-01
2023,7,Arctic,3.688,2023-07-01
2023,7,Northern_Hemisphere,1.401,2023-07-01
2023,7,Southern_Hemisphere,0.778,2023-07-01
2023,7,Tropics,0.642,2023-07-01
2023,7,North_America,1.521,2023-07-01
2023,7,Europe,1.778,2023-07-01
2023,7,Asia,1.306,2023-07-01
2023,8,Arctic,3.974,2023-08-01
2023,8,Northern_Hemisphere,1.641,2023-08-01
2023,8,Southern_Hemisphere,0.977,2023-08-01
2023,8,Tropics,0.833,2023-08-01
2023,8,North_America,1.687,2023-08-01
2023,8,Europe,1.988,2023-08-01
2023,8,Asia,1.441,2023-08-01
2023,9,Arctic,3.906,2023-09-01
2023,9,Northern_Hemisphere,1.598,2023-09-01
2023,9,Southern_Hemisphere,1.028,2023-09-01
2023,9,Tropics,0.85,2023-09-01
2023,9,North_America,1.829,2023-09-01
2023,9,Europe,1.992,2023-09-01
2023,9,Asia,1.57,2023-09-01
2023,10,Arctic,4.104,2023-10-01
2023,10,Northern_Hemisphere,1.64,2023-10-01
2023,10,Southern_Hemisphere,0.879,2023-10-01
2023,10,Tropics,0.916,2023-10-01
2023,10,North_America,1.785,2023-10-01
2023,10,Europe,2.026,2023-10-01
2023,10,Asia,1.606,2023-10-01
2023,11,Arctic,4.158,2023-11-01
2023,11,Northern_Hemisphere,1.64,2023-11-01
2023,11,Southern_Hemisphere,1.029,2023-11-01
2023,11,Tropics,0.896,2023-11-01
2023,11,North_America,1.846,2023-11-01
2023,11,Europe,1.987,2023-11-01
2023,11,Asia,1.63,2023-11-01
2023,12,Arctic,4.295,2023-12-01
2023,12,Northern_Hemisphere,1.677,2023-12-01
2023,12,Southern_Hemisphere,1.095,2023-12-01
2023,12,Tropics,0.96,2023-12-01
2023,12,North_America,1.864,2023-12-01
2023,12,Europe,2.096,2023-12-01
2023,12,Asia,1.59,2023-12-01
2024,1,Arctic,4.312,2024-01-01
2024,1,Northern_Hemisphere,1.696,2024-01-01
2024,1,Southern_Hemisphere,1.042,2024-01-01
2024,1,Tropics,0.834,2024-01-01
2024,1,North_America,1.999,2024-01-01
2024,1,Europe,2.082,2024-01-01
2024,1,Asia,1.657,2024-01-01
2024,2,Arctic,4.329,2024-02-01
2024,2,Northern_Hemisphere,1.707,2024-02-01
2024,2,Southern_Hemisphere,1.011,2024-02-01
2024,2,Tropics,0.927,2024-02-01
2024,2,North_America,1.926,2024-02-01
2024,2,Europe,2.025,2024-02-01
2024,2,Asia,1.657,2024-02-01
2024,3,Arctic,4.423,2024-03-01
2024,3,Northern_Hemisphere,1.752,2024-03-01
2024,3,Southern_Hemisphere,1.093,2024-03-01
2024,3,Tropics,0.982,2024-03-01
2024,3,North_America,1.896,2024-03-01
2024,3,Europe,2.19,2024-03-01
2024,3,Asia,1.7,2024-03-01
2024,4,Arctic,4.398,2024-04-01
2024,4,Northern_Hemisphere,1.704,2024-04-01
2024,4,Southern_Hemisphere,1.128,2024-04-01
2024,4,Tropics,1.085,2024-04-01
2024,4,North_America,2.002,2024-04-01
2024,4,Europe,2.265,2024-04-01
2024,4,Asia,1.606,2024-04-01
2024,5,Arctic,4.463,2024-05-01
2024,5,Northern_Hemisphere,1.793,2024-05-01
2024,5,Southern_Hemisphere,1.072,2024-05-01
2024,5,Tropics,1.052,2024-05-01
2024,5,North_America,1.935,2024-05-01
2024,5,Europe,2.177,2024-05-01
2024,5,Asia,1.666,2024-05-01
2024,6,Arctic,4.522,2024-06-01
2024,6,Northern_Hemisphere,1.793,2024-06-01
2024,6,Southern_Hemisphere,1.104,2024-06-01
2024,6,Tropics,1.015,2024-06-01
2024,6,North_America,2.009,2024-06-01
2024,6,Europe,2.243,2024-06-01
2024,6,Asia,1.649,2024-06-01
2024,7,Arctic,4.336,2024-07-01
2024,7,Northern_Hemisphere,1.572,2024-07-01
2024,7,Southern_Hemisphere,0.943,2024-07-01
2024,7,Tropics,0.846,2024-07-01
2024,7,North_America,1.766,2024-07-01
2024,7,Europe,2.071,2024-07-01
2024,7,Asia,1.554,2024-07-01
2024,8,Arctic,4.34,2024-08-01
2024,8,Northern_Hemisphere,1.616,2024-08-01
2024,8,Southern_Hemisphere,0.91,2024-08-01
2024,8,Tropics,0.811,2024-08-01
2024,8,North_America,1.787,2024-08-01
2024,8,Europe,2.131,2024-08-01
2024,8,Asia,1.529,2024-08-01
2024,9,Arctic,4.399,2024-09-01
2024,9,Northern_Hemisphere,1.6,2024-09-01
2024,9,Southern_Hemisphere,0.918,2024-09-01
2024,9,Tropics,0.789,2024-09-01
2024,9,North_America,1.829,2024-09-01
2024,9,Europe,2.008,2024-09-01
2024,9,Asia,1.583,2024-09-01
2024,10,Arctic,4.467,2024-10-01
2024,10,Northern_Hemisphere,1.627,2024-10-01
2024,10,Southern_Hemisphere,0.887,2024-10-01
2024,10,Tropics,0.807,2024-10-01
2024,10,North_America,1.821,2024-10-01
2024,10,Europe,2.11,2024-10-01
2024,10,Asia,1.518,2024-10-01
2024,11,Arctic,4.439,2024-11-01
2024,11,Northern_Hemisphere,1.621,2024-11-01
2024,11,Southern_Hemisphere,0.926,2024-11-01
2024,11,Tropics,0.775,2024-11-01
2024,11,North_America,1.823,2024-11-01
2024,11,Europe,2.066,2024-11-01
2024,11,Asia,1.537,2024-11-01
2024,12,Arctic,4.417,2024-12-01
2024,12,Northern_Hemisphere,1.733,2024-12-01
2024,12,Southern_Hemisphere,0.881,2024-12-01
2024,12,Tropics,0.851,2024-12-01
2024,12,North_America,1.892,2024-12-01
2024,12,Europe,2.116,2024-12-01
2024,12,Asia,1.572,2024-12-01
2025,1,Arctic,4.462,2025-01-01
2025,1,Northern_Hemisphere,1.639,2025-01-01
2025,1,Southern_Hemisphere,1.035,2025-01-01
2025,1,Tropics,0.806,2025-01-01
2025,1,North_America,1.851,2025-01-01
2025,1,Europe,2.103,2025-01-01
2025,1,Asia,1.601,2025-01-01
2025,2,Arctic,4.478,2025-02-01
2025,2,Northern_Hemisphere,1.642,2025-02-01
2025,2,Southern_Hemisphere,1.021,2025-02-01
2025,2,Tropics,0.866,2025-02-01
2025,2,North_America,1.833,2025-02-01
2025,2,Europe,2.157,2025-02-01
2025,2,Asia,1.545,2025-02-01
2025,3,Arctic,4.381,2025-03-01
2025,3,Northern_Hemisphere,1.581,2025-03-01
2025,3,Southern_Hemisphere,1.014,2025-03-01
2025,3,Tropics,0.847,2025-03-01
2025,3,North_America,1.79,2025-03-01
2025,3,Europe,2.103,2025-03-01
2025,3,Asia,1.635,2025-03-01
2025,4,Arctic,4.418,2025-04-01
2025,4,Northern_Hemisphere,1.74,2025-04-01
2025,4,Southern_Hemisphere,0.956,2025-04-01
2025,4,Tropics,0.78,2025-04-01
2025,4,North_America,1.826,2025-04-01
2025,4,Europe,2.035,2025-04-01
2025,4,Asia,1.622,2025-04-01
2025,5,Arctic,4.374,2025-05-01
2025,5,Northern_Hemisphere,1.735,2025-05-01
2025,5,Southern_Hemisphere,0.911,2025-05-01
2025,5,Tropics,0.779,2025-05-01
2025,5,North_America,1.796,2025-05-01
2025,5,Europe,2.126,2025-05-01
2025,5,Asia,1.607,2025-05-01
2025,6,Arctic,4.36,2025-06-01
2025,6,Northern_Hemisphere,1.653,2025-06-01
2025,6,Southern_Hemisphere,0.957,2025-06-01
2025,6,Tropics,0.816,2025-06-01
2025,6,North_America,1.845,2025-06-01
2025,6,Europe,2.029,2025-06-01
2025,6,Asia,1.538,2025-06-01
2025,7,Arctic,4.37,2025-07-01
2025,7,Northern_Hemisphere,1.535,2025-07-01
2025,7,Southern_Hemisphere,0.935,2025-07-01
2025,7,Tropics,0.894,2025-07-01
2025,7,North_America,1.837,2025-07-01
2025,7,Europe,2.034,2025-07-01
2025,7,Asia,1.525,2025-07-01
2025,8,Arctic,4.378,2025-08-01
2025,8,Northern_Hemisphere,1.533,2025-08-01
2025,8,Southern_Hemisphere,0.931,2025-08-01
2025,8,Tropics,0.783,2025-08-01
2025,8,North_America,1.796,2025-08-01
2025,8,Europe,1.979,2025-08-01
2025,8,Asia,1.588,2025-08-01
2025,9,Arctic,4.332,2025-09-01
2025,9,Northern_Hemisphere,1.657,2025-09-01
2025,9,Southern_Hemisphere,0.893,2025-09-01
2025,9,Tropics,0.796,2025-09-01
2025,9,North_America,1.801,2025-09-01
2025,9,Europe,2.035,2025-09-01
2025,9,Asia,1.516,2025-09-01
2025,10,Arctic,4.34,2025-10-01
2025,10,Northern_Hemisphere,1.578,2025-10-01
2025,10,Southern_Hemisphere,0.948,2025-10-01
2025,10,Tropics,0.776,2025-10-01
2025,10,North_America,1.808,2025-10-01
2025,10,Europe,2.013,2025-10-01
2025,10,Asia,1.542,2025-10-01
2025,11,Arctic,4.28,2025-11-01
2025,11,Northern_Hemisphere,1.549,2025-11-01
2025,11,Southern_Hemisphere,0.885,2025-11-01
2025,11,Tropics,0.766,2025-11-01
2025,11,North_America,1.752,2025-11-01
2025,11,Europe,2.043,2025-11-01
2025,11,Asia,1.496,2025-11-01
2025,12,Arctic,4.305,2025-12-01
2025,12,Northern_Hemisphere,1.599,2025-12-01
2025,12,Southern_Hemisphere,0.837,2025-12-01
2025,12,Tropics,0.725,2025-12-01
2025,12,North_America,1.775,2025-12-01
2025,12,Europe,1.983,2025-12-01
2025,12,Asia,1.453,2025-12-01
2026,1,Arctic,4.269,2026-01-01
2026,1,Northern_Hemisphere,1.566,2026-01-01
2026,1,Southern_Hemisphere,0.913,2026-01-01
2026,1,Tropics,0.779,2026-01-01
2026,1,North_America,1.734,2026-01-01
2026,1,Europe,2.014,2026-01-01
2026,1,Asia,1.453,2026-01-01
2026,2,Arctic,4.275,2026-02-01
2026,2,Northern_Hemisphere,1.526,2026-02-01
2026,2,Southern_Hemisphere,0.931,2026-02-01
2026,2,Tropics,0.759,2026-02-01
2026,2,North_America,1.717,2026-02-01
2026,2,Europe,1.975,2026-02-01
2026,2,Asia,1.506,2026-02-01
2026,3,Arctic,4.23,2026-03-01
2026,3,Northern_Hemisphere,1.617,2026-03-01
2026,3,Southern_Hemisphere,0.968,2026-03-01
2026,3,Tropics,0.851,2026-03-01
2026,3,North_America,1.805,2026-03-01
2026,3,Europe,2.034,2026-03-01
2026,3,Asia,1.458,2026-03-01
2026,4,Arctic,4.235,2026-04-01
2026,4,Northern_Hemisphere,1.495,2026-04-01
2026,4,Southern_Hemisphere,0.956,2026-04-01
2026,4,Tropics,0.8,2026-04-01
2026,4,North_America,1.777,2026-04-01
2026,4,Europe,2.044,2026-04-01
2026,4,Asia,1.521,2026-04-01
